provinsi,sekolah,siswa,mengulang,putus_sekolah,kepala_sekolah_&_guru,tenaga_kependidikan,rombel,ruang_kelas,status,tahun,jenjang
DKI Jakarta,1447,558320,0,1179,22906,2580,18682,19163,Negeri,2021,SD
Jawa Barat,17424,3903979,0,5485,161443,11557,141995,132115,Negeri,2021,SD
Jawa Tengah,17547,2378205,0,2013,140464,12192,114684,122046,Negeri,2021,SD
DI Yogyakarta,1425,195795,0,60,13394,2066,9891,10606,Negeri,2021,SD
Jawa Timur,17105,2258842,0,1971,148814,12051,117206,124470,Negeri,2021,SD
Aceh,3335,454603,0,742,41819,3196,23538,27320,Negeri,2021,SD
Sumatera Utara,8262,1247205,0,2699,81414,5849,60519,65146,Negeri,2021,SD
Sumatera Barat,3981,548253,0,962,38071,5385,28327,30998,Negeri,2021,SD
Riau,3210,643438,0,907,39714,3451,28733,31019,Negeri,2021,SD
Jambi,2316,339955,0,516,23012,2520,17248,19254,Negeri,2021,SD
Sumatera Selatan,4262,812885,0,1761,49240,5238,35817,36767,Negeri,2021,SD
Lampung,4337,736382,0,712,46589,2867,34354,36390,Negeri,2021,SD
Kalimantan Barat,4132,512806,0,795,31389,1911,28455,30055,Negeri,2021,SD
Kalimantan Tengah,2416,234534,0,338,20677,964,15651,17501,Negeri,2021,SD
Kalimantan Selatan,2769,332296,0,495,25299,2328,19369,20994,Negeri,2021,SD
Kalimantan Timur,1650,347886,0,610,20798,2912,15446,15725,Negeri,2021,SD
Sulawesi Utara,1361,131692,0,415,10830,401,8725,9463,Negeri,2021,SD
Sulawesi Tengah,2671,281699,0,758,21863,3817,17190,20851,Negeri,2021,SD
Sulawesi Selatan,6087,817052,0,1488,59355,6984,43011,45149,Negeri,2021,SD
Sulawesi Tenggara,2255,280749,0,629,21387,1472,15712,18095,Negeri,2021,SD
Maluku,1273,149799,0,707,11875,1036,8376,9680,Negeri,2021,SD
Bali,2274,348481,0,83,21022,3518,15713,16482,Negeri,2021,SD
Nusa Tenggara Barat,3012,477686,0,1185,34525,2559,21342,23135,Negeri,2021,SD
Nusa Tenggara Timur,3365,427555,0,1237,31652,3188,23402,29411,Negeri,2021,SD
Papua,1629,276662,0,1150,10321,493,11006,12413,Negeri,2021,SD
Bengkulu,1304,179930,0,290,12830,1208,9502,10642,Negeri,2021,SD
Maluku Utara,1106,117453,0,629,8757,686,7064,8068,Negeri,2021,SD
Banten,3912,993246,0,1015,41490,2943,35098,33084,Negeri,2021,SD
Kepulauan Bangka Belitung,760,147951,0,268,7886,1799,6106,7649,Negeri,2021,SD
Gorontalo,896,105713,0,394,7141,685,5812,6939,Negeri,2021,SD
Kepulauan Riau,683,155760,0,133,8728,1582,6638,6468,Negeri,2021,SD
Papua Barat,686,82623,0,401,5069,224,4751,4910,Negeri,2021,SD
Sulawesi Barat,1297,140669,0,334,11623,1722,8611,9582,Negeri,2021,SD
Kalimantan Utara,435,69898,0,223,5106,602,3656,3796,Negeri,2021,SD
Luar Negeri,87,10666,0,59,346,12,612,613,Negeri,2021,SD
DKI Jakarta,921,224134,0,312,14741,1839,9725,11563,Swasta,2021,SD
Jawa Barat,2215,549000,0,621,31969,3328,22878,25587,Swasta,2021,SD
Jawa Tengah,1237,305510,0,183,16400,1799,12800,13730,Swasta,2021,SD
DI Yogyakarta,422,84163,0,37,5250,803,3838,4127,Swasta,2021,SD
Jawa Timur,1952,392950,0,497,22901,2109,17858,19139,Swasta,2021,SD
Aceh,178,34228,0,59,2255,219,1517,1748,Swasta,2021,SD
Sumatera Utara,1528,339903,0,822,17069,1239,13761,15114,Swasta,2021,SD
Sumatera Barat,264,60673,0,72,3715,472,2644,3039,Swasta,2021,SD
Riau,544,134413,0,193,7667,635,5623,6279,Swasta,2021,SD
Jambi,148,31969,0,72,1906,184,1412,1671,Swasta,2021,SD
Sumatera Selatan,423,83285,0,112,5036,590,3787,4061,Swasta,2021,SD
Lampung,394,77533,0,166,4789,414,3573,4055,Swasta,2021,SD
Kalimantan Barat,286,59158,0,144,2915,290,2466,2678,Swasta,2021,SD
Kalimantan Tengah,223,41980,0,70,2233,163,1791,1984,Swasta,2021,SD
Kalimantan Selatan,169,33661,0,41,2200,192,1484,1639,Swasta,2021,SD
Kalimantan Timur,251,63435,0,58,3315,421,2619,2983,Swasta,2021,SD
Sulawesi Utara,854,82847,0,192,5357,175,5448,5919,Swasta,2021,SD
Sulawesi Tengah,243,24711,0,60,1918,186,1621,1760,Swasta,2021,SD
Sulawesi Selatan,321,64431,0,54,4118,321,2936,3239,Swasta,2021,SD
Sulawesi Tenggara,77,11264,0,12,700,67,575,589,Swasta,2021,SD
Maluku,531,59529,0,95,3788,236,3367,4095,Swasta,2021,SD
Bali,143,39105,0,9,2376,330,1614,1732,Swasta,2021,SD
Nusa Tenggara Barat,257,33825,0,140,2323,188,1767,1967,Swasta,2021,SD
Nusa Tenggara Timur,1819,255407,0,628,16051,1637,12926,16780,Swasta,2021,SD
Papua,967,174897,0,844,6398,349,6860,7654,Swasta,2021,SD
Bengkulu,93,19348,0,18,1479,151,892,1030,Swasta,2021,SD
Maluku Utara,204,22603,0,55,1327,98,1278,1366,Swasta,2021,SD
Banten,718,186646,0,190,10807,853,7765,8814,Swasta,2021,SD
Kepulauan Bangka Belitung,66,15743,0,19,913,165,633,736,Swasta,2021,SD
Gorontalo,30,3788,0,9,240,32,196,203,Swasta,2021,SD
Kepulauan Riau,285,70691,0,46,4177,391,2986,3535,Swasta,2021,SD
Papua Barat,402,47994,0,188,2756,139,2704,2845,Swasta,2021,SD
Sulawesi Barat,28,3971,0,12,229,41,216,222,Swasta,2021,SD
Kalimantan Utara,46,8959,0,19,531,62,402,472,Swasta,2021,SD
Luar Negeri,42,4831,0,24,139,1,262,222,Swasta,2021,SD
DKI Jakarta,1308,546713,0,457,23488,2527,18523,17044,Negeri,2022,SD
Jawa Barat,17302,3883339,0,4767,160813,12971,141935,125154,Negeri,2022,SD
Jawa Tengah,17472,2322013,0,2043,139771,12541,114300,117530,Negeri,2022,SD
DI Yogyakarta,1423,190728,0,51,13372,2083,9849,10235,Negeri,2022,SD
Jawa Timur,16980,2184504,0,2155,146145,12935,116523,119014,Negeri,2022,SD
Aceh,3336,451027,0,993,42509,3572,23750,24534,Negeri,2022,SD
Sumatera Utara,8205,1204565,0,3005,83604,6808,60483,61135,Negeri,2022,SD
Sumatera Barat,3962,531193,0,730,38468,5563,28254,28612,Negeri,2022,SD
Riau,3221,634909,0,868,39682,3836,28814,27740,Negeri,2022,SD
Jambi,2308,335196,0,626,22834,2694,17282,17215,Negeri,2022,SD
Sumatera Selatan,4252,796801,0,1796,50140,5773,36132,33374,Negeri,2022,SD
Lampung,4314,719438,0,775,48403,3596,34428,33290,Negeri,2022,SD
Kalimantan Barat,4139,504176,0,977,32505,2249,28585,27334,Negeri,2022,SD
Kalimantan Tengah,2412,232282,0,459,20698,1112,15682,16032,Negeri,2022,SD
Kalimantan Selatan,2740,323293,0,515,25204,2443,19179,19697,Negeri,2022,SD
Kalimantan Timur,1652,346884,0,567,20778,3007,15572,14270,Negeri,2022,SD
Sulawesi Utara,1344,132584,0,294,11378,486,8746,9054,Negeri,2022,SD
Sulawesi Tengah,2670,281651,0,926,22424,4052,17320,18075,Negeri,2022,SD
Sulawesi Selatan,6082,811242,0,1675,59957,7373,43229,42338,Negeri,2022,SD
Sulawesi Tenggara,2257,279295,0,678,22474,2149,15899,16032,Negeri,2022,SD
Maluku,1276,148988,0,465,12262,1171,8423,8682,Negeri,2022,SD
Bali,2265,343632,0,154,20906,3806,15696,15715,Negeri,2022,SD
Nusa Tenggara Barat,3011,472110,0,944,36365,2833,21664,20622,Negeri,2022,SD
Nusa Tenggara Timur,3378,417555,0,2303,33146,3567,23660,25593,Negeri,2022,SD
Papua,1664,288283,0,1738,11097,565,11475,10829,Negeri,2022,SD
Bengkulu,1290,173543,0,266,13072,1379,9439,10155,Negeri,2022,SD
Maluku Utara,1110,117634,0,493,9338,842,7100,7315,Negeri,2022,SD
Banten,3895,996698,0,1221,41415,3322,35440,31242,Negeri,2022,SD
Kepulauan Bangka Belitung,760,146317,0,219,7932,1816,6122,6527,Negeri,2022,SD
Gorontalo,896,103914,0,514,7213,825,5827,6402,Negeri,2022,SD
Kepulauan Riau,684,154066,0,167,8810,1701,6704,5698,Negeri,2022,SD
Papua Barat,700,82955,0,342,6038,302,4907,4575,Negeri,2022,SD
Sulawesi Barat,1297,139578,0,399,12200,2211,8723,8594,Negeri,2022,SD
Kalimantan Utara,437,69072,0,138,5076,616,3683,3443,Negeri,2022,SD
Luar Negeri,87,10972,0,64,348,13,615,539,Negeri,2022,SD
DKI Jakarta,931,218377,0,358,14661,1949,9696,10945,Swasta,2022,SD
Jawa Barat,2357,567595,0,505,33335,3666,24052,25816,Swasta,2022,SD
Jawa Tengah,1288,309161,0,169,16157,1932,13212,13913,Swasta,2022,SD
DI Yogyakarta,425,83710,0,48,5254,833,3890,4056,Swasta,2022,SD
Jawa Timur,2027,395409,0,499,22877,2279,18310,19125,Swasta,2022,SD
Aceh,193,35931,0,67,2538,248,1635,1692,Swasta,2022,SD
Sumatera Utara,1577,344087,0,762,16967,1347,14187,14787,Swasta,2022,SD
Sumatera Barat,298,66025,0,48,4173,536,2927,3087,Swasta,2022,SD
Riau,570,138617,0,183,8071,677,5862,6037,Swasta,2022,SD
Jambi,155,33498,0,38,2031,196,1498,1527,Swasta,2022,SD
Sumatera Selatan,444,85733,0,91,5207,642,3960,4101,Swasta,2022,SD
Lampung,418,80181,0,74,4894,476,3750,3895,Swasta,2022,SD
Kalimantan Barat,299,61472,0,115,3056,313,2583,2669,Swasta,2022,SD
Kalimantan Tengah,236,42758,0,90,2328,189,1863,1950,Swasta,2022,SD
Kalimantan Selatan,175,33626,0,19,2235,210,1544,1649,Swasta,2022,SD
Kalimantan Timur,267,65345,0,72,3444,447,2766,2893,Swasta,2022,SD
Sulawesi Utara,859,82653,0,175,5259,188,5486,5712,Swasta,2022,SD
Sulawesi Tengah,256,26071,0,87,1906,209,1704,1731,Swasta,2022,SD
Sulawesi Selatan,356,68935,0,136,4386,354,3160,3294,Swasta,2022,SD
Sulawesi Tenggara,88,12428,0,52,782,83,648,613,Swasta,2022,SD
Maluku,536,59008,0,189,3954,265,3383,3575,Swasta,2022,SD
Bali,151,39232,0,14,2412,318,1657,1728,Swasta,2022,SD
Nusa Tenggara Barat,298,37359,0,149,2605,222,1980,1877,Swasta,2022,SD
Nusa Tenggara Timur,1825,251670,0,1160,16217,1787,12961,14625,Swasta,2022,SD
Papua,978,184269,0,1104,6708,409,7084,7153,Swasta,2022,SD
Bengkulu,108,20838,0,20,1584,158,980,1003,Swasta,2022,SD
Maluku Utara,205,22930,0,41,1398,102,1281,1306,Swasta,2022,SD
Banten,739,189185,0,176,10932,933,7964,8759,Swasta,2022,SD
Kepulauan Bangka Belitung,72,16405,0,12,935,179,674,708,Swasta,2022,SD
Gorontalo,32,4228,0,4,253,29,215,214,Swasta,2022,SD
Kepulauan Riau,289,71509,0,104,4268,411,3039,3364,Swasta,2022,SD
Papua Barat,404,48216,0,242,2694,195,2740,2744,Swasta,2022,SD
Sulawesi Barat,29,4415,0,3,243,41,238,217,Swasta,2022,SD
Kalimantan Utara,48,9457,0,24,558,75,426,418,Swasta,2022,SD
Luar Negeri,42,5216,0,9,149,1,270,229,Swasta,2022,SD
DKI Jakarta,1305,540938,915,695,22899,2443,18247,17197,Negeri,2023,SD
Jawa Barat,17104,3891806,4563,5080,162220,11771,144349,127023,Negeri,2023,SD
Jawa Tengah,17298,2280299,6696,2166,137177,9996,113671,118675,Negeri,2023,SD
DI Yogyakarta,1422,186752,308,43,13190,1900,9815,10328,Negeri,2023,SD
Jawa Timur,16902,2130520,4172,2579,143558,10282,115931,120304,Negeri,2023,SD
Aceh,3335,451761,1376,846,43588,3314,24092,25133,Negeri,2023,SD
Sumatera Utara,8167,1177930,4182,3509,85601,5807,60500,63853,Negeri,2023,SD
Sumatera Barat,3892,521822,4534,781,39668,5045,28326,29424,Negeri,2023,SD
Riau,3230,633978,4092,1096,40524,3624,29051,28435,Negeri,2023,SD
Jambi,2304,333373,1907,769,23366,2481,17340,18069,Negeri,2023,SD
Sumatera Selatan,4249,792830,6311,1838,51531,5072,36547,34016,Negeri,2023,SD
Lampung,4297,715542,2328,710,48214,3246,34443,33929,Negeri,2023,SD
Kalimantan Barat,4140,499855,9504,1202,33093,2117,28644,27925,Negeri,2023,SD
Kalimantan Tengah,2414,232325,2588,632,21096,969,15778,16449,Negeri,2023,SD
Kalimantan Selatan,2738,318461,3104,492,25182,2305,19180,20102,Negeri,2023,SD
Kalimantan Timur,1657,351594,1953,587,21058,2877,15718,14886,Negeri,2023,SD
Sulawesi Utara,1347,135222,466,273,12627,354,8871,9218,Negeri,2023,SD
Sulawesi Tengah,2675,284498,2835,966,23648,3726,17524,18768,Negeri,2023,SD
Sulawesi Selatan,6070,809775,3239,1530,59968,6638,43438,43624,Negeri,2023,SD
Sulawesi Tenggara,2256,280639,1622,748,24440,1879,16182,16460,Negeri,2023,SD
Maluku,1277,148862,1251,716,13074,1021,8520,9082,Negeri,2023,SD
Bali,2254,342112,178,154,20659,3774,15623,15874,Negeri,2023,SD
Nusa Tenggara Barat,3008,472151,1443,1089,37975,2425,21960,21428,Negeri,2023,SD
Nusa Tenggara Timur,3396,414756,5757,1677,35174,3394,24024,26635,Negeri,2023,SD
Papua,487,67324,1149,394,4313,243,3580,3471,Negeri,2023,SD
Bengkulu,1289,172400,1287,347,13815,1235,9519,10538,Negeri,2023,SD
Maluku Utara,1111,118277,1018,567,10225,712,7189,7563,Negeri,2023,SD
Banten,3853,1009060,2389,1584,42576,3042,36073,31740,Negeri,2023,SD
Kepulauan Bangka Belitung,761,144910,1188,313,8035,1826,6133,6683,Negeri,2023,SD
Gorontalo,897,103429,1445,443,7408,821,5850,6491,Negeri,2023,SD
Kepulauan Riau,683,154046,602,281,9009,1672,6743,5942,Negeri,2023,SD
Papua Barat,406,48434,1228,301,3656,161,2874,2736,Negeri,2023,SD
Sulawesi Barat,1297,138490,1089,443,12513,2082,8782,8968,Negeri,2023,SD
Kalimantan Utara,437,69906,337,169,5162,598,3691,3547,Negeri,2023,SD
Luar Negeri,83,11918,47,81,349,10,625,544,Negeri,2023,SD
Papua Tengah,291,70019,1783,470,2615,78,2596,2282,Negeri,2023,SD
Papua Selatan,372,56014,2834,580,2431,82,2610,2327,Negeri,2023,SD
Papua Pegunungan,513,109443,3573,708,2609,53,3898,3273,Negeri,2023,SD
Papua Barat Daya,302,35284,925,222,3216,88,2208,2065,Negeri,2023,SD
DKI Jakarta,919,215517,287,174,14550,1825,9583,11071,Swasta,2023,SD
Jawa Barat,2449,595456,215,595,34654,3649,25355,27404,Swasta,2023,SD
Jawa Tengah,1320,314751,213,233,16067,1903,13595,14509,Swasta,2023,SD
DI Yogyakarta,424,83858,49,32,5171,801,3904,4142,Swasta,2023,SD
Jawa Timur,2078,400329,522,748,22882,2185,18793,19878,Swasta,2023,SD
Aceh,197,38102,30,59,2562,246,1737,1809,Swasta,2023,SD
Sumatera Utara,1584,346551,714,881,17405,1279,14470,15327,Swasta,2023,SD
Sumatera Barat,314,70543,109,77,4496,560,3155,3365,Swasta,2023,SD
Riau,585,142596,354,292,8425,691,6069,6422,Swasta,2023,SD
Jambi,160,35247,99,66,2077,197,1571,1653,Swasta,2023,SD
Sumatera Selatan,470,89181,158,138,5423,638,4166,4368,Swasta,2023,SD
Lampung,429,83350,84,123,5137,459,3897,4099,Swasta,2023,SD
Kalimantan Barat,307,63323,297,122,3260,303,2673,2823,Swasta,2023,SD
Kalimantan Tengah,236,44096,218,43,2414,189,1916,2029,Swasta,2023,SD
Kalimantan Selatan,182,34713,97,40,2286,209,1634,1720,Swasta,2023,SD
Kalimantan Timur,272,67878,110,82,3537,430,2867,3046,Swasta,2023,SD
Sulawesi Utara,862,83601,262,162,4963,146,5513,5794,Swasta,2023,SD
Sulawesi Tengah,269,27854,169,67,1943,206,1811,1846,Swasta,2023,SD
Sulawesi Selatan,364,73378,61,83,4672,345,3381,3551,Swasta,2023,SD
Sulawesi Tenggara,91,13531,21,36,838,70,696,677,Swasta,2023,SD
Maluku,538,58122,682,360,3616,199,3400,3683,Swasta,2023,SD
Bali,155,41504,5,25,2491,303,1704,1791,Swasta,2023,SD
Nusa Tenggara Barat,322,40469,58,146,2741,205,2156,2082,Swasta,2023,SD
Nusa Tenggara Timur,1829,248551,3130,1094,15485,1622,12964,15024,Swasta,2023,SD
Papua,344,49512,456,257,2597,182,2451,2593,Swasta,2023,SD
Bengkulu,118,22470,26,43,1700,148,1051,1141,Swasta,2023,SD
Maluku Utara,206,22861,108,63,1167,76,1291,1336,Swasta,2023,SD
Banten,757,194372,162,195,11400,983,8278,9149,Swasta,2023,SD
Kepulauan Bangka Belitung,72,16793,14,19,958,204,694,747,Swasta,2023,SD
Gorontalo,34,4629,1,15,289,33,240,249,Swasta,2023,SD
Kepulauan Riau,299,73203,49,104,4502,391,3128,3520,Swasta,2023,SD
Papua Barat,163,23303,821,173,1260,70,1182,1179,Swasta,2023,SD
Sulawesi Barat,32,4810,3,68,291,44,255,255,Swasta,2023,SD
Kalimantan Utara,48,9971,27,19,589,77,450,447,Swasta,2023,SD
Luar Negeri,41,5871,9,8,148,0,288,233,Swasta,2023,SD
Papua Tengah,262,73033,1958,636,1990,60,2499,2192,Swasta,2023,SD
Papua Selatan,234,38962,2169,356,1449,66,1736,1679,Swasta,2023,SD
Papua Pegunungan,152,30722,405,220,905,33,1105,1043,Swasta,2023,SD
Papua Barat Daya,245,24943,422,112,1460,93,1607,1646,Swasta,2023,SD
DKI Jakarta,1305,534084,911,277,22331,2348,17965,17283,Negeri,2024,SD
Jawa Barat,16980,3892560,3221,4681,161501,12468,145289,128473,Negeri,2024,SD
Jawa Tengah,17254,2259455,4511,1185,134731,9797,113405,120181,Negeri,2024,SD
DI Yogyakarta,1418,182927,166,28,13389,1869,9778,10330,Negeri,2024,SD
Jawa Timur,16864,2097016,2976,1618,142338,9840,115820,121366,Negeri,2024,SD
Aceh,3336,453928,881,695,44062,4135,24398,25759,Negeri,2024,SD
Sumatera Utara,8116,1149616,2722,3030,86968,6662,60586,64341,Negeri,2024,SD
Sumatera Barat,3892,512533,2949,668,40852,5469,28401,29931,Negeri,2024,SD
Riau,3232,626689,2733,824,42205,4229,29355,29088,Negeri,2024,SD
Jambi,2302,331425,1303,739,25005,2964,17515,18721,Negeri,2024,SD
Sumatera Selatan,4250,790920,4199,1767,51751,6054,36991,34962,Negeri,2024,SD
Lampung,4295,711692,1411,696,48513,3555,34675,36876,Negeri,2024,SD
Kalimantan Barat,4139,493992,6421,982,34383,2985,28731,28482,Negeri,2024,SD
Kalimantan Tengah,2412,231066,1859,370,22340,1163,15863,16665,Negeri,2024,SD
Kalimantan Selatan,2737,315349,1690,346,25592,2512,19243,20433,Negeri,2024,SD
Kalimantan Timur,1664,352693,1113,489,21718,3055,15870,15023,Negeri,2024,SD
Sulawesi Utara,1349,137150,437,283,13628,511,8956,9458,Negeri,2024,SD
Sulawesi Tengah,2676,287380,1691,812,25427,6047,17789,19300,Negeri,2024,SD
Sulawesi Selatan,6071,802533,1989,1411,60428,6992,43781,44256,Negeri,2024,SD
Sulawesi Tenggara,2265,282647,1131,637,26516,2624,16469,16972,Negeri,2024,SD
Maluku,1299,148643,822,905,14642,1794,8677,9508,Negeri,2024,SD
Bali,2251,338502,94,107,21108,3693,15645,15999,Negeri,2024,SD
Nusa Tenggara Barat,3008,474323,875,944,40096,2689,22317,21788,Negeri,2024,SD
Nusa Tenggara Timur,3415,411297,3635,1737,38048,4112,24308,27768,Negeri,2024,SD
Papua,515,70293,870,372,4722,291,3772,3729,Negeri,2024,SD
Bengkulu,1289,171467,875,336,14710,1589,9622,10691,Negeri,2024,SD
Maluku Utara,1116,118093,715,610,11413,1162,7305,7720,Negeri,2024,SD
Banten,3853,1020399,1550,1552,42610,3472,36367,32438,Negeri,2024,SD
Kepulauan Bangka Belitung,761,142879,597,209,8146,1842,6151,6759,Negeri,2024,SD
Gorontalo,897,103294,962,392,7538,922,5865,6563,Negeri,2024,SD
Kepulauan Riau,683,153988,369,154,8923,1797,6749,6030,Negeri,2024,SD
Papua Barat,412,48552,1010,164,3917,171,2956,2820,Negeri,2024,SD
Sulawesi Barat,1296,138333,650,293,13587,2390,8956,9128,Negeri,2024,SD
Kalimantan Utara,437,70242,211,114,5138,647,3729,3587,Negeri,2024,SD
Luar Negeri,83,12536,51,35,332,10,640,555,Negeri,2024,SD
Papua Tengah,295,71294,1292,420,2949,99,2701,2423,Negeri,2024,SD
Papua Selatan,377,57447,2501,486,2732,127,2714,2481,Negeri,2024,SD
Papua Pegunungan,518,112406,5358,988,3095,59,4111,3344,Negeri,2024,SD
Papua Barat Daya,305,36044,898,205,3564,108,2269,2136,Negeri,2024,SD
DKI Jakarta,918,212135,330,165,14597,1815,9524,11142,Swasta,2024,SD
Jawa Barat,2558,620397,215,508,36077,4029,26587,28865,Swasta,2024,SD
Jawa Tengah,1343,319228,110,168,16430,1934,13890,14951,Swasta,2024,SD
DI Yogyakarta,423,83347,26,26,5087,823,3917,4197,Swasta,2024,SD
Jawa Timur,2111,404776,399,523,23243,2284,19215,20448,Swasta,2024,SD
Aceh,207,40154,37,87,2614,287,1837,1952,Swasta,2024,SD
Sumatera Utara,1631,346857,562,955,17826,1350,14756,15839,Swasta,2024,SD
Sumatera Barat,327,73064,117,38,4622,592,3311,3599,Swasta,2024,SD
Riau,605,146184,263,131,8602,705,6265,6710,Swasta,2024,SD
Jambi,172,36401,59,42,2043,197,1659,1749,Swasta,2024,SD
Sumatera Selatan,489,92261,128,155,5620,699,4391,4629,Swasta,2024,SD
Lampung,447,86276,69,66,5238,477,4086,4547,Swasta,2024,SD
Kalimantan Barat,316,64197,249,61,3293,317,2746,2967,Swasta,2024,SD
Kalimantan Tengah,241,45359,132,63,2410,206,1975,2111,Swasta,2024,SD
Kalimantan Selatan,186,35716,55,30,2245,229,1692,1806,Swasta,2024,SD
Kalimantan Timur,280,70396,78,61,3696,477,2985,3163,Swasta,2024,SD
Sulawesi Utara,861,82629,221,162,4715,173,5510,5850,Swasta,2024,SD
Sulawesi Tengah,273,28740,44,53,1864,225,1847,1867,Swasta,2024,SD
Sulawesi Selatan,381,76723,65,97,4921,374,3593,3859,Swasta,2024,SD
Sulawesi Tenggara,87,14089,6,28,785,82,715,686,Swasta,2024,SD
Maluku,537,55552,327,364,2896,174,3388,3827,Swasta,2024,SD
Bali,156,43992,9,29,2604,323,1799,1895,Swasta,2024,SD
Nusa Tenggara Barat,344,43262,49,124,2952,240,2346,2209,Swasta,2024,SD
Nusa Tenggara Timur,1832,242072,2222,1028,14050,1679,12873,15529,Swasta,2024,SD
Papua,335,47619,425,297,2381,173,2397,2555,Swasta,2024,SD
Bengkulu,119,23246,6,25,1658,162,1097,1191,Swasta,2024,SD
Maluku Utara,202,22598,70,85,987,67,1283,1339,Swasta,2024,SD
Banten,799,202372,99,222,11710,1063,8742,9671,Swasta,2024,SD
Kepulauan Bangka Belitung,71,16775,3,6,938,215,694,790,Swasta,2024,SD
Gorontalo,36,5077,1,11,298,34,261,271,Swasta,2024,SD
Kepulauan Riau,305,73836,52,70,4585,386,3152,3555,Swasta,2024,SD
Papua Barat,162,22759,702,92,1256,71,1189,1182,Swasta,2024,SD
Sulawesi Barat,32,5114,3,1,305,52,271,257,Swasta,2024,SD
Kalimantan Utara,49,10486,26,34,602,85,477,459,Swasta,2024,SD
Luar Negeri,41,6253,19,7,139,0,301,235,Swasta,2024,SD
Papua Tengah,265,73273,1733,592,2056,67,2614,2261,Swasta,2024,SD
Papua Selatan,241,39392,2550,290,1331,80,1788,1802,Swasta,2024,SD
Papua Pegunungan,160,34363,114,216,881,33,1252,1102,Swasta,2024,SD
Papua Barat Daya,249,24564,354,67,1385,96,1641,1705,Swasta,2024,SD
DKI Jakarta,293,222930,0,181,9693,2209,6043,6228,Negeri,2021,SMP
Jawa Barat,1969,1113692,0,502,52541,11470,33594,38750,Negeri,2021,SMP
Jawa Tengah,1769,919373,0,405,50090,11550,29887,33242,Negeri,2021,SMP
DI Yogyakarta,214,92678,0,6,5461,1328,2959,3252,Negeri,2021,SMP
Jawa Timur,1729,829308,0,516,47839,11527,27071,31506,Negeri,2021,SMP
Aceh,897,160011,0,307,19266,4386,6114,9531,Negeri,2021,SMP
Sumatera Utara,1331,433519,0,666,30475,3724,14653,17620,Negeri,2021,SMP
Sumatera Barat,674,184026,0,506,15330,2782,6607,8468,Negeri,2021,SMP
Riau,855,206252,0,254,15257,2691,7204,9316,Negeri,2021,SMP
Jambi,557,102206,0,205,9717,1843,3899,5204,Negeri,2021,SMP
Sumatera Selatan,901,287828,0,260,20851,3934,9738,11123,Negeri,2021,SMP
Lampung,710,240771,0,103,16560,2794,8148,9954,Negeri,2021,SMP
Kalimantan Barat,1018,187216,0,265,12878,1478,6902,8098,Negeri,2021,SMP
Kalimantan Tengah,708,89891,0,185,7918,837,3712,4939,Negeri,2021,SMP
Kalimantan Selatan,522,99185,0,179,7786,1266,3780,5006,Negeri,2021,SMP
Kalimantan Timur,447,127778,0,110,8198,1711,4351,5005,Negeri,2021,SMP
Sulawesi Utara,474,80137,0,192,6517,725,3113,4203,Negeri,2021,SMP
Sulawesi Tengah,731,112116,0,362,9734,2273,4414,6291,Negeri,2021,SMP
Sulawesi Selatan,1265,295626,0,550,24602,5447,10888,14230,Negeri,2021,SMP
Sulawesi Tenggara,691,116819,0,212,11223,1498,4606,6397,Negeri,2021,SMP
Maluku,534,74124,0,116,7423,1108,2939,4282,Negeri,2021,SMP
Bali,272,160516,0,31,9233,2526,4902,4984,Negeri,2021,SMP
Nusa Tenggara Barat,605,136326,0,320,16136,3329,5071,6782,Negeri,2021,SMP
Nusa Tenggara Timur,1354,265042,0,572,21687,2888,9636,12661,Negeri,2021,SMP
Papua,507,103457,0,414,6417,687,3357,4167,Negeri,2021,SMP
Bengkulu,381,79778,0,77,6695,1207,2995,3846,Negeri,2021,SMP
Maluku Utara,363,46659,0,175,4803,631,1841,2528,Negeri,2021,SMP
Banten,573,268113,0,159,12349,2140,8006,9443,Negeri,2021,SMP
Kepulauan Bangka Belitung,161,53168,0,39,3029,985,1723,2060,Negeri,2021,SMP
Gorontalo,312,43670,0,159,3625,644,1797,2399,Negeri,2021,SMP
Kepulauan Riau,234,74328,0,21,4101,969,2298,2605,Negeri,2021,SMP
Papua Barat,229,36396,0,56,3123,276,1398,1714,Negeri,2021,SMP
Sulawesi Barat,318,51302,0,131,4658,1410,1994,2744,Negeri,2021,SMP
Kalimantan Utara,153,29669,0,40,2279,375,1109,1293,Negeri,2021,SMP
Luar Negeri,46,4607,0,63,179,8,212,343,Negeri,2021,SMP
DKI Jakarta,784,138926,0,155,8946,1779,5096,7123,Swasta,2021,SMP
Jawa Barat,3715,687467,0,1116,37914,6056,23955,29531,Swasta,2021,SMP
Jawa Tengah,1613,281513,0,216,18766,3737,10660,13693,Swasta,2021,SMP
DI Yogyakarta,234,41147,0,10,3256,834,1597,1948,Swasta,2021,SMP
Jawa Timur,3136,410719,0,1922,29529,3794,16340,20022,Swasta,2021,SMP
Aceh,316,44534,0,69,3145,481,1705,2028,Swasta,2021,SMP
Sumatera Utara,1315,221370,0,618,12541,1395,7917,9943,Swasta,2021,SMP
Sumatera Barat,171,23579,0,24,2041,330,965,1339,Swasta,2021,SMP
Riau,375,54858,0,229,4050,484,2107,2760,Swasta,2021,SMP
Jambi,136,20213,0,36,1245,176,763,946,Swasta,2021,SMP
Sumatera Selatan,481,71500,0,181,4547,841,2694,3446,Swasta,2021,SMP
Lampung,702,88530,0,188,6325,786,3519,4585,Swasta,2021,SMP
Kalimantan Barat,333,43635,0,157,2485,292,1653,2145,Swasta,2021,SMP
Kalimantan Tengah,137,17901,0,33,1226,106,708,852,Swasta,2021,SMP
Kalimantan Selatan,97,13730,0,69,1067,155,550,670,Swasta,2021,SMP
Kalimantan Timur,221,32664,0,22,2057,366,1283,1644,Swasta,2021,SMP
Sulawesi Utara,253,27122,0,52,1844,147,1155,1532,Swasta,2021,SMP
Sulawesi Tengah,129,11513,0,92,992,189,529,689,Swasta,2021,SMP
Sulawesi Selatan,429,54269,0,215,3981,576,2203,2881,Swasta,2021,SMP
Sulawesi Tenggara,83,8009,0,23,706,73,359,442,Swasta,2021,SMP
Maluku,140,17686,0,36,1484,134,706,1086,Swasta,2021,SMP
Bali,136,30536,0,4,1900,477,1033,1486,Swasta,2021,SMP
Nusa Tenggara Barat,384,36298,0,257,3432,282,1586,1870,Swasta,2021,SMP
Nusa Tenggara Timur,428,80180,0,355,5441,756,2913,4047,Swasta,2021,SMP
Papua,214,35577,0,140,2013,229,1209,1698,Swasta,2021,SMP
Bengkulu,58,7344,0,12,602,82,297,361,Swasta,2021,SMP
Maluku Utara,139,13687,0,18,1103,108,580,751,Swasta,2021,SMP
Banten,994,169761,0,295,9432,1275,6028,7919,Swasta,2021,SMP
Kepulauan Bangka Belitung,62,8768,0,8,573,153,330,498,Swasta,2021,SMP
Gorontalo,26,2589,0,8,201,25,114,156,Swasta,2021,SMP
Kepulauan Riau,165,22383,0,8,1637,250,892,1159,Swasta,2021,SMP
Papua Barat,94,13195,0,60,1036,95,515,645,Swasta,2021,SMP
Sulawesi Barat,59,5200,0,24,410,64,232,287,Swasta,2021,SMP
Kalimantan Utara,33,3613,0,44,301,52,151,199,Swasta,2021,SMP
Luar Negeri,13,1423,0,7,58,0,54,99,Swasta,2021,SMP
DKI Jakarta,293,219543,0,188,9842,2191,6024,5968,Negeri,2022,SMP
Jawa Barat,1982,1108220,0,513,52596,11151,33519,35898,Negeri,2022,SMP
Jawa Tengah,1771,913433,0,243,50220,11087,29841,31171,Negeri,2022,SMP
DI Yogyakarta,214,92111,0,9,5525,1258,2966,3137,Negeri,2022,SMP
Jawa Timur,1731,809355,0,423,47594,10987,26762,29516,Negeri,2022,SMP
Aceh,902,153499,0,329,19326,4308,6002,8520,Negeri,2022,SMP
Sumatera Utara,1338,415483,0,802,30759,3551,14432,16373,Negeri,2022,SMP
Sumatera Barat,673,177644,0,272,15307,2701,6490,7879,Negeri,2022,SMP
Riau,863,202483,0,250,15359,2707,7174,8229,Negeri,2022,SMP
Jambi,560,97895,0,124,9656,1815,3821,4820,Negeri,2022,SMP
Sumatera Selatan,904,284660,0,362,20843,3955,9726,10097,Negeri,2022,SMP
Lampung,709,239170,0,105,16672,2772,8174,8831,Negeri,2022,SMP
Kalimantan Barat,1023,184443,0,303,13076,1461,6885,7574,Negeri,2022,SMP
Kalimantan Tengah,710,87292,0,204,8108,777,3694,4446,Negeri,2022,SMP
Kalimantan Selatan,523,97661,0,166,7733,1195,3749,4683,Negeri,2022,SMP
Kalimantan Timur,451,127561,0,165,8218,1699,4355,4696,Negeri,2022,SMP
Sulawesi Utara,476,76311,0,144,6877,661,3031,3650,Negeri,2022,SMP
Sulawesi Tengah,731,105195,0,389,9966,2234,4302,5270,Negeri,2022,SMP
Sulawesi Selatan,1268,281298,0,573,24753,5522,10607,13010,Negeri,2022,SMP
Sulawesi Tenggara,694,111979,0,166,12045,1592,4541,5624,Negeri,2022,SMP
Maluku,542,72347,0,172,7900,1088,2929,3507,Negeri,2022,SMP
Bali,273,160227,0,42,9127,2565,4886,4570,Negeri,2022,SMP
Nusa Tenggara Barat,604,132157,0,206,16610,3282,4992,5931,Negeri,2022,SMP
Nusa Tenggara Timur,1366,250759,0,671,23290,2879,9398,10418,Negeri,2022,SMP
Papua,519,111141,0,569,7003,675,3542,3692,Negeri,2022,SMP
Bengkulu,380,77696,0,90,6883,1216,2959,3558,Negeri,2022,SMP
Maluku Utara,369,45773,0,100,5026,618,1844,2279,Negeri,2022,SMP
Banten,573,268385,0,212,13154,2057,8072,8565,Negeri,2022,SMP
Kepulauan Bangka Belitung,163,52727,0,27,3043,987,1721,1879,Negeri,2022,SMP
Gorontalo,312,40483,0,177,3740,626,1727,2155,Negeri,2022,SMP
Kepulauan Riau,235,74360,0,14,4170,979,2306,2356,Negeri,2022,SMP
Papua Barat,238,37100,0,87,3587,312,1446,1648,Negeri,2022,SMP
Sulawesi Barat,318,47729,0,135,4873,1523,1931,2374,Negeri,2022,SMP
Kalimantan Utara,156,29278,0,37,2340,385,1125,1170,Negeri,2022,SMP
Luar Negeri,46,4445,0,6,190,5,211,296,Negeri,2022,SMP
DKI Jakarta,785,130223,0,84,8838,1771,4882,6622,Swasta,2022,SMP
Jawa Barat,3843,673266,0,704,38308,6241,23990,28207,Swasta,2022,SMP
Jawa Tengah,1640,278633,0,221,17486,3702,10683,13037,Swasta,2022,SMP
DI Yogyakarta,237,41026,0,5,3132,816,1600,1811,Swasta,2022,SMP
Jawa Timur,3210,412770,0,1369,28826,3755,16652,19091,Swasta,2022,SMP
Aceh,359,46589,0,111,3462,511,1859,2057,Swasta,2022,SMP
Sumatera Utara,1334,212102,0,864,12320,1303,7740,9378,Swasta,2022,SMP
Sumatera Barat,180,23766,0,37,2143,333,990,1264,Swasta,2022,SMP
Riau,391,55589,0,248,4114,498,2178,2650,Swasta,2022,SMP
Jambi,143,20376,0,36,1318,177,792,908,Swasta,2022,SMP
Sumatera Selatan,505,69426,0,162,4551,834,2693,3284,Swasta,2022,SMP
Lampung,726,90792,0,94,6196,798,3629,4346,Swasta,2022,SMP
Kalimantan Barat,340,43632,0,81,2432,292,1681,2034,Swasta,2022,SMP
Kalimantan Tengah,148,18130,0,16,1275,103,732,814,Swasta,2022,SMP
Kalimantan Selatan,102,13961,0,17,1042,161,571,671,Swasta,2022,SMP
Kalimantan Timur,232,32730,0,19,2052,358,1293,1563,Swasta,2022,SMP
Sulawesi Utara,257,25518,0,37,1797,141,1130,1390,Swasta,2022,SMP
Sulawesi Tengah,137,11822,0,111,918,191,561,619,Swasta,2022,SMP
Sulawesi Selatan,436,53106,0,144,3922,556,2197,2709,Swasta,2022,SMP
Sulawesi Tenggara,85,8028,0,64,758,80,367,387,Swasta,2022,SMP
Maluku,143,16921,0,39,1601,139,690,871,Swasta,2022,SMP
Bali,130,27318,0,4,1738,433,951,1290,Swasta,2022,SMP
Nusa Tenggara Barat,422,37428,0,113,3667,294,1673,1622,Swasta,2022,SMP
Nusa Tenggara Timur,438,76353,0,195,5536,732,2846,3394,Swasta,2022,SMP
Papua,224,37840,0,287,2226,218,1275,1492,Swasta,2022,SMP
Bengkulu,68,7914,0,1,718,93,335,396,Swasta,2022,SMP
Maluku Utara,141,13125,0,44,1101,95,576,651,Swasta,2022,SMP
Banten,1008,166003,0,259,9210,1227,6002,7406,Swasta,2022,SMP
Kepulauan Bangka Belitung,62,9062,0,4,582,143,341,434,Swasta,2022,SMP
Gorontalo,28,2563,0,6,229,25,120,133,Swasta,2022,SMP
Kepulauan Riau,175,23237,0,5,1789,232,935,1098,Swasta,2022,SMP
Papua Barat,96,13089,0,25,1024,97,524,605,Swasta,2022,SMP
Sulawesi Barat,61,5179,0,31,416,68,237,264,Swasta,2022,SMP
Kalimantan Utara,36,3684,0,2,299,54,155,180,Swasta,2022,SMP
Luar Negeri,12,1368,0,2,55,0,51,82,Swasta,2022,SMP
DKI Jakarta,293,212200,179,39,10340,2074,6027,5979,Negeri,2023,SMP
Jawa Barat,1982,1140073,590,601,53507,10662,34002,36851,Negeri,2023,SMP
Jawa Tengah,1772,926618,475,337,50483,10551,29985,31696,Negeri,2023,SMP
DI Yogyakarta,214,92471,5,4,5361,1175,2969,3157,Negeri,2023,SMP
Jawa Timur,1737,811528,557,842,47086,10374,26723,30018,Negeri,2023,SMP
Aceh,903,153398,584,461,19336,3993,5982,8729,Negeri,2023,SMP
Sumatera Utara,1339,411355,580,1091,30905,3270,14283,17278,Negeri,2023,SMP
Sumatera Barat,675,177358,1246,351,14991,2563,6427,8094,Negeri,2023,SMP
Riau,874,204418,394,238,15638,2613,7246,8548,Negeri,2023,SMP
Jambi,558,98709,255,159,9483,1738,3823,5080,Negeri,2023,SMP
Sumatera Selatan,908,287347,683,406,20650,3793,9789,10382,Negeri,2023,SMP
Lampung,709,242619,191,141,16575,2685,8227,9055,Negeri,2023,SMP
Kalimantan Barat,1030,186019,656,315,13207,1472,6916,7795,Negeri,2023,SMP
Kalimantan Tengah,714,86866,335,170,8337,731,3698,4583,Negeri,2023,SMP
Kalimantan Selatan,522,98906,188,172,7836,1165,3765,4798,Negeri,2023,SMP
Kalimantan Timur,458,129945,302,149,8244,1631,4436,4865,Negeri,2023,SMP
Sulawesi Utara,478,74181,232,120,7377,619,2989,3703,Negeri,2023,SMP
Sulawesi Tengah,734,101706,420,466,10401,2052,4277,5474,Negeri,2023,SMP
Sulawesi Selatan,1269,278068,850,727,24753,5108,10457,13279,Negeri,2023,SMP
Sulawesi Tenggara,694,108768,509,210,12815,1522,4474,5804,Negeri,2023,SMP
Maluku,552,73152,61,157,8487,1057,2963,3734,Negeri,2023,SMP
Bali,277,159809,10,48,9124,2473,4873,4698,Negeri,2023,SMP
Nusa Tenggara Barat,604,133977,209,235,17013,3181,5013,6041,Negeri,2023,SMP
Nusa Tenggara Timur,1380,241833,403,509,23997,2857,9233,11018,Negeri,2023,SMP
Papua,189,38710,360,175,2926,383,1346,1462,Negeri,2023,SMP
Bengkulu,380,76883,308,119,7144,1141,2932,3656,Negeri,2023,SMP
Maluku Utara,373,46391,166,112,5343,583,1866,2382,Negeri,2023,SMP
Banten,573,277317,209,254,13716,1970,8203,8784,Negeri,2023,SMP
Kepulauan Bangka Belitung,163,53607,91,30,3036,957,1734,1952,Negeri,2023,SMP
Gorontalo,313,39019,254,173,3898,603,1707,2234,Negeri,2023,SMP
Kepulauan Riau,236,75301,143,28,4254,960,2318,2432,Negeri,2023,SMP
Papua Barat,124,20785,262,54,1836,181,782,876,Negeri,2023,SMP
Sulawesi Barat,319,46261,262,195,4975,1443,1887,2418,Negeri,2023,SMP
Kalimantan Utara,156,29278,90,37,2379,383,1125,1248,Negeri,2023,SMP
Luar Negeri,43,4692,1,6,178,8,209,284,Negeri,2023,SMP
Papua Tengah,101,27354,325,264,1518,119,895,845,Negeri,2023,SMP
Papua Selatan,94,20959,825,69,1503,93,725,767,Negeri,2023,SMP
Papua Pegunungan,152,32795,232,347,1505,25,964,894,Negeri,2023,SMP
Papua Barat Daya,123,17856,77,35,1937,124,707,829,Negeri,2023,SMP
DKI Jakarta,777,135658,290,39,8510,1733,4998,6717,Swasta,2023,SMP
Jawa Barat,3963,676108,798,1280,38222,6512,24280,29257,Swasta,2023,SMP
Jawa Tengah,1674,281686,431,355,16886,3698,10743,13438,Swasta,2023,SMP
DI Yogyakarta,240,40084,70,18,3057,787,1581,1864,Swasta,2023,SMP
Jawa Timur,3259,418894,1337,2036,28611,3830,16956,19693,Swasta,2023,SMP
Aceh,391,48788,36,136,3686,534,1973,2290,Swasta,2023,SMP
Sumatera Utara,1348,210727,502,948,12324,1300,7718,9637,Swasta,2023,SMP
Sumatera Barat,183,24144,61,21,2142,337,1001,1323,Swasta,2023,SMP
Riau,395,56952,46,112,4192,502,2249,2768,Swasta,2023,SMP
Jambi,150,21047,43,23,1367,178,828,985,Swasta,2023,SMP
Sumatera Selatan,530,69133,239,179,4539,859,2746,3401,Swasta,2023,SMP
Lampung,746,94325,62,139,6391,808,3753,4615,Swasta,2023,SMP
Kalimantan Barat,347,43911,184,336,2479,294,1729,2090,Swasta,2023,SMP
Kalimantan Tengah,153,18636,20,28,1277,101,756,867,Swasta,2023,SMP
Kalimantan Selatan,105,13883,13,11,1070,161,577,708,Swasta,2023,SMP
Kalimantan Timur,239,31929,44,44,2057,353,1286,1649,Swasta,2023,SMP
Sulawesi Utara,255,24159,139,99,1665,135,1111,1394,Swasta,2023,SMP
Sulawesi Tengah,143,11527,55,39,891,188,569,655,Swasta,2023,SMP
Sulawesi Selatan,444,53082,210,153,3860,553,2208,2809,Swasta,2023,SMP
Sulawesi Tenggara,95,8034,26,49,723,80,386,434,Swasta,2023,SMP
Maluku,144,16284,14,89,1369,144,673,943,Swasta,2023,SMP
Bali,127,26194,2,21,1644,402,912,1249,Swasta,2023,SMP
Nusa Tenggara Barat,459,39980,71,208,3923,303,1815,1809,Swasta,2023,SMP
Nusa Tenggara Timur,453,74983,150,333,5465,718,2841,3608,Swasta,2023,SMP
Papua,80,12378,78,39,820,102,470,586,Swasta,2023,SMP
Bengkulu,77,8619,24,41,760,94,376,445,Swasta,2023,SMP
Maluku Utara,146,13331,12,65,975,96,575,701,Swasta,2023,SMP
Banten,1029,164556,293,263,9176,1261,6021,7663,Swasta,2023,SMP
Kepulauan Bangka Belitung,69,9605,10,10,628,159,372,487,Swasta,2023,SMP
Gorontalo,29,2406,16,10,205,21,121,136,Swasta,2023,SMP
Kepulauan Riau,179,23918,2,10,1830,235,960,1138,Swasta,2023,SMP
Papua Barat,40,6684,142,48,491,62,255,298,Swasta,2023,SMP
Sulawesi Barat,59,4961,1,27,394,61,229,274,Swasta,2023,SMP
Kalimantan Utara,39,3815,3,6,324,64,162,204,Swasta,2023,SMP
Luar Negeri,12,1470,0,5,61,0,58,83,Swasta,2023,SMP
Papua Tengah,70,13250,159,63,701,49,449,499,Swasta,2023,SMP
Papua Selatan,36,6633,350,4,429,54,233,259,Swasta,2023,SMP
Papua Pegunungan,45,9018,79,142,325,16,272,248,Swasta,2023,SMP
Papua Barat Daya,58,6794,48,49,535,41,283,333,Swasta,2023,SMP
DKI Jakarta,293,211760,189,3,9935,1873,6026,5995,Negeri,2024,SMP
Jawa Barat,1993,1175708,470,241,53305,10377,34997,38027,Negeri,2024,SMP
Jawa Tengah,1771,936459,335,158,49976,9928,30278,32228,Negeri,2024,SMP
DI Yogyakarta,214,92562,9,3,5369,1113,2974,3156,Negeri,2024,SMP
Jawa Timur,1737,820294,505,415,46656,9682,26856,30516,Negeri,2024,SMP
Aceh,906,158212,371,294,19548,4234,6169,8895,Negeri,2024,SMP
Sumatera Utara,1340,414206,448,666,31306,3278,14375,17580,Negeri,2024,SMP
Sumatera Barat,676,180460,1206,229,15279,2540,6532,8240,Negeri,2024,SMP
Riau,889,210790,249,175,16572,2712,7468,8892,Negeri,2024,SMP
Jambi,559,100620,206,150,9672,1803,3915,5222,Negeri,2024,SMP
Sumatera Selatan,905,290936,408,287,20545,3894,9882,10851,Negeri,2024,SMP
Lampung,710,246512,174,108,16666,2672,8376,9528,Negeri,2024,SMP
Kalimantan Barat,1037,190808,669,269,13496,1579,7067,8147,Negeri,2024,SMP
Kalimantan Tengah,719,87795,229,163,8788,757,3758,4703,Negeri,2024,SMP
Kalimantan Selatan,522,101088,213,121,8014,1144,3836,4987,Negeri,2024,SMP
Kalimantan Timur,459,132865,228,109,8530,1664,4518,5105,Negeri,2024,SMP
Sulawesi Utara,478,72985,209,130,8037,662,2967,3755,Negeri,2024,SMP
Sulawesi Tengah,735,101269,342,327,10902,2584,4281,5595,Negeri,2024,SMP
Sulawesi Selatan,1269,283404,676,584,24699,5127,10653,13490,Negeri,2024,SMP
Sulawesi Tenggara,699,107257,404,146,13660,1830,4470,5948,Negeri,2024,SMP
Maluku,561,74258,98,183,9799,1468,3050,3929,Negeri,2024,SMP
Bali,277,161975,11,30,9203,2385,4904,4765,Negeri,2024,SMP
Nusa Tenggara Barat,606,139505,139,199,18059,3233,5096,6233,Negeri,2024,SMP
Nusa Tenggara Timur,1396,234939,398,514,25659,3009,9149,11360,Negeri,2024,SMP
Papua,196,39424,394,101,3000,401,1409,1533,Negeri,2024,SMP
Bengkulu,380,76752,232,104,7617,1256,2920,3721,Negeri,2024,SMP
Maluku Utara,380,46495,166,111,6061,741,1903,2462,Negeri,2024,SMP
Banten,576,287975,158,129,13627,1962,8472,9145,Negeri,2024,SMP
Kepulauan Bangka Belitung,164,55038,48,25,3051,922,1769,1983,Negeri,2024,SMP
Gorontalo,313,38500,245,130,3920,605,1693,2284,Negeri,2024,SMP
Kepulauan Riau,236,76953,82,8,4267,949,2324,2452,Negeri,2024,SMP
Papua Barat,126,21791,275,28,1864,181,826,899,Negeri,2024,SMP
Sulawesi Barat,319,46691,199,159,5182,1503,1920,2463,Negeri,2024,SMP
Kalimantan Utara,157,29610,90,31,2451,388,1136,1272,Negeri,2024,SMP
Luar Negeri,43,5230,0,21,173,9,234,288,Negeri,2024,SMP
Papua Tengah,101,28369,366,211,1618,128,959,903,Negeri,2024,SMP
Papua Selatan,95,22148,832,132,1597,102,790,853,Negeri,2024,SMP
Papua Pegunungan,157,35236,192,306,1593,26,1097,957,Negeri,2024,SMP
Papua Barat Daya,125,18518,80,21,1998,132,741,881,Negeri,2024,SMP
DKI Jakarta,775,142994,366,39,8547,1744,5225,6823,Swasta,2024,SMP
Jawa Barat,4058,685056,714,1035,38298,6821,24806,30279,Swasta,2024,SMP
Jawa Tengah,1685,282405,421,229,16497,3678,10872,13840,Swasta,2024,SMP
DI Yogyakarta,239,38629,78,2,2937,783,1549,1894,Swasta,2024,SMP
Jawa Timur,3311,421917,1093,1365,28549,3992,17332,20257,Swasta,2024,SMP
Aceh,422,49752,41,104,3535,565,2082,2472,Swasta,2024,SMP
Sumatera Utara,1369,210929,540,779,12101,1287,7818,9881,Swasta,2024,SMP
Sumatera Barat,189,23754,43,17,2067,337,1006,1376,Swasta,2024,SMP
Riau,420,58348,78,95,4123,535,2336,2940,Swasta,2024,SMP
Jambi,161,21189,13,19,1383,196,859,1055,Swasta,2024,SMP
Sumatera Selatan,558,68346,207,171,4461,920,2800,3570,Swasta,2024,SMP
Lampung,773,96309,98,58,6334,872,3880,5083,Swasta,2024,SMP
Kalimantan Barat,351,44626,173,133,2452,311,1764,2183,Swasta,2024,SMP
Kalimantan Tengah,158,19368,33,27,1285,130,786,901,Swasta,2024,SMP
Kalimantan Selatan,111,13843,9,10,1064,172,580,787,Swasta,2024,SMP
Kalimantan Timur,258,32617,42,23,2123,391,1328,1762,Swasta,2024,SMP
Sulawesi Utara,256,23655,97,55,1586,144,1120,1423,Swasta,2024,SMP
Sulawesi Tengah,148,11296,6,29,840,192,582,698,Swasta,2024,SMP
Sulawesi Selatan,462,53194,169,145,3841,593,2236,2879,Swasta,2024,SMP
Sulawesi Tenggara,96,7711,35,18,672,82,382,445,Swasta,2024,SMP
Maluku,144,15582,15,30,1000,131,672,939,Swasta,2024,SMP
Bali,125,27024,2,13,1550,394,921,1276,Swasta,2024,SMP
Nusa Tenggara Barat,487,41062,102,188,3948,307,1912,2019,Swasta,2024,SMP
Nusa Tenggara Timur,462,73040,105,172,4997,723,2838,3695,Swasta,2024,SMP
Papua,80,12224,56,28,753,96,473,604,Swasta,2024,SMP
Bengkulu,80,8799,10,17,745,107,392,468,Swasta,2024,SMP
Maluku Utara,143,12445,18,67,770,85,560,695,Swasta,2024,SMP
Banten,1046,166231,207,146,8891,1321,6172,7834,Swasta,2024,SMP
Kepulauan Bangka Belitung,74,9733,2,7,624,168,385,523,Swasta,2024,SMP
Gorontalo,31,2340,19,6,208,26,125,152,Swasta,2024,SMP
Kepulauan Riau,188,25475,3,7,1910,242,1022,1208,Swasta,2024,SMP
Papua Barat,39,6834,169,11,454,62,259,312,Swasta,2024,SMP
Sulawesi Barat,63,4847,8,25,374,56,238,294,Swasta,2024,SMP
Kalimantan Utara,41,3867,3,3,331,68,173,219,Swasta,2024,SMP
Luar Negeri,12,1483,0,9,54,0,59,83,Swasta,2024,SMP
Papua Tengah,70,14413,117,24,705,53,481,525,Swasta,2024,SMP
Papua Selatan,37,6945,139,32,367,59,248,274,Swasta,2024,SMP
Papua Pegunungan,51,9940,272,36,312,20,304,276,Swasta,2024,SMP
Papua Barat Daya,61,6597,37,24,464,44,282,342,Swasta,2024,SMP
DKI Jakarta,117,91776,0,339,5018,1146,2488,2649,Negeri,2021,SMA
Jawa Barat,512,486621,0,206,22366,6278,14053,15506,Negeri,2021,SMA
Jawa Tengah,360,330165,0,29,17465,4614,9490,9896,Negeri,2021,SMA
DI Yogyakarta,69,42315,0,2,2699,937,1237,1394,Negeri,2021,SMA
Jawa Timur,423,340730,0,137,18932,5084,10234,10922,Negeri,2021,SMA
Aceh,395,112307,0,482,11872,2695,4246,5885,Negeri,2021,SMA
Sumatera Utara,427,246573,0,553,15106,1922,7376,8008,Negeri,2021,SMA
Sumatera Barat,236,137426,0,148,9834,1826,4353,4934,Negeri,2021,SMA
Riau,303,142397,0,330,9566,1746,4545,4964,Negeri,2021,SMA
Jambi,161,68504,0,183,5120,1154,2282,2716,Negeri,2021,SMA
Sumatera Selatan,329,163305,0,158,10914,2268,5022,5303,Negeri,2021,SMA
Lampung,238,121056,0,110,8111,1816,3779,4134,Negeri,2021,SMA
Kalimantan Barat,267,100510,0,200,5309,672,3208,3564,Negeri,2021,SMA
Kalimantan Tengah,181,54893,0,92,4202,447,1945,2259,Negeri,2021,SMA
Kalimantan Selatan,141,59912,0,90,4067,811,2010,2180,Negeri,2021,SMA
Kalimantan Timur,142,65859,0,48,3908,929,2069,2552,Negeri,2021,SMA
Sulawesi Utara,121,48789,0,96,3610,562,1816,2078,Negeri,2021,SMA
Sulawesi Tengah,175,73134,0,182,4577,824,2382,2764,Negeri,2021,SMA
Sulawesi Selatan,335,193797,0,586,12575,2123,6099,7487,Negeri,2021,SMA
Sulawesi Tenggara,245,89174,0,188,6247,571,3095,4081,Negeri,2021,SMA
Maluku,209,58221,0,221,4974,598,2120,2795,Negeri,2021,SMA
Bali,83,74671,0,9,4258,1588,2170,2134,Negeri,2021,SMA
Nusa Tenggara Barat,154,91365,0,212,6721,1562,2784,3221,Negeri,2021,SMA
Nusa Tenggara Timur,370,141300,0,378,10454,1244,4880,5970,Negeri,2021,SMA
Papua,141,49288,0,243,3039,356,1539,1752,Negeri,2021,SMA
Bengkulu,109,49702,0,170,3741,945,1634,1867,Negeri,2021,SMA
Maluku Utara,139,34275,0,125,2663,331,1248,1644,Negeri,2021,SMA
Banten,152,135170,0,66,6306,1481,3728,3849,Negeri,2021,SMA
Kepulauan Bangka Belitung,45,25447,0,16,1376,411,782,791,Negeri,2021,SMA
Gorontalo,61,30186,0,108,1781,377,986,1068,Negeri,2021,SMA
Kepulauan Riau,93,44499,0,21,2695,668,1340,1428,Negeri,2021,SMA
Papua Barat,81,22377,0,70,1463,120,802,912,Negeri,2021,SMA
Sulawesi Barat,76,28047,0,59,2086,566,938,1186,Negeri,2021,SMA
Kalimantan Utara,44,14828,0,19,1107,222,515,551,Negeri,2021,SMA
Luar Negeri,11,734,0,0,76,3,64,74,Negeri,2021,SMA
DKI Jakarta,372,89807,0,75,6144,1230,3361,4112,Swasta,2021,SMA
Jawa Barat,1155,277009,0,506,15459,2619,9618,11615,Swasta,2021,SMA
Jawa Tengah,488,99521,0,97,7377,1653,3879,4958,Swasta,2021,SMA
DI Yogyakarta,100,16240,0,6,1594,396,745,940,Swasta,2021,SMA
Jawa Timur,1098,196521,0,597,13711,2136,7636,9360,Swasta,2021,SMA
Aceh,134,17922,0,211,1576,270,768,956,Swasta,2021,SMA
Sumatera Utara,639,138313,0,429,7604,846,4728,5852,Swasta,2021,SMA
Sumatera Barat,95,13988,0,64,1356,207,593,816,Swasta,2021,SMA
Riau,144,22574,0,59,1875,247,893,1242,Swasta,2021,SMA
Jambi,74,9078,0,20,715,111,384,491,Swasta,2021,SMA
Sumatera Selatan,270,46870,0,182,3119,642,1711,2381,Swasta,2021,SMA
Lampung,274,39038,0,115,2971,474,1576,2035,Swasta,2021,SMA
Kalimantan Barat,181,30684,0,133,1967,217,1119,1430,Swasta,2021,SMA
Kalimantan Tengah,60,5741,0,3,623,71,310,418,Swasta,2021,SMA
Kalimantan Selatan,61,7002,0,22,703,120,308,447,Swasta,2021,SMA
Kalimantan Timur,86,12905,0,82,944,176,519,662,Swasta,2021,SMA
Sulawesi Utara,108,14069,0,46,1051,106,714,914,Swasta,2021,SMA
Sulawesi Tengah,52,6386,0,25,586,86,303,430,Swasta,2021,SMA
Sulawesi Selatan,260,35918,0,185,2617,343,1511,1975,Swasta,2021,SMA
Sulawesi Tenggara,60,5293,0,50,508,51,270,364,Swasta,2021,SMA
Maluku,73,11982,0,78,1207,112,534,757,Swasta,2021,SMA
Bali,75,16264,0,6,1189,254,587,879,Swasta,2021,SMA
Nusa Tenggara Barat,179,20023,0,178,2040,188,800,1050,Swasta,2021,SMA
Nusa Tenggara Timur,210,62333,0,280,4215,571,2269,2909,Swasta,2021,SMA
Papua,105,20492,0,343,1478,199,808,1031,Swasta,2021,SMA
Bengkulu,34,2467,0,5,273,51,144,211,Swasta,2021,SMA
Maluku Utara,76,8204,0,42,695,53,377,491,Swasta,2021,SMA
Banten,424,76025,0,300,4937,768,2886,3666,Swasta,2021,SMA
Kepulauan Bangka Belitung,25,3966,0,7,287,84,160,236,Swasta,2021,SMA
Gorontalo,8,1367,0,0,102,21,51,64,Swasta,2021,SMA
Kepulauan Riau,59,7759,0,10,650,94,357,458,Swasta,2021,SMA
Papua Barat,48,6990,0,21,676,67,329,393,Swasta,2021,SMA
Sulawesi Barat,12,1139,0,1,68,15,52,65,Swasta,2021,SMA
Kalimantan Utara,22,2834,0,1,243,46,127,165,Swasta,2021,SMA
Luar Negeri,1,97,0,0,15,2,6,6,Swasta,2021,SMA
DKI Jakarta,117,90825,0,231,5029,1067,2487,2556,Negeri,2022,SMA
Jawa Barat,514,508679,0,159,24988,6397,14727,13761,Negeri,2022,SMA
Jawa Tengah,361,335227,0,77,18116,4340,9567,9581,Negeri,2022,SMA
DI Yogyakarta,69,42808,0,1,2604,921,1243,1313,Negeri,2022,SMA
Jawa Timur,423,343552,0,188,19349,4842,10291,10419,Negeri,2022,SMA
Aceh,394,112810,0,237,11803,2721,4235,5474,Negeri,2022,SMA
Sumatera Utara,428,245383,0,673,15489,2015,7425,7510,Negeri,2022,SMA
Sumatera Barat,236,137874,0,178,9612,1822,4351,4611,Negeri,2022,SMA
Riau,303,143617,0,213,9748,1807,4639,4715,Negeri,2022,SMA
Jambi,162,69152,0,173,5203,1180,2300,2499,Negeri,2022,SMA
Sumatera Selatan,329,165349,0,249,11520,2317,5109,5137,Negeri,2022,SMA
Lampung,239,123644,0,171,8083,1754,3878,4016,Negeri,2022,SMA
Kalimantan Barat,273,100690,0,104,5810,719,3250,3236,Negeri,2022,SMA
Kalimantan Tengah,181,54913,0,94,4296,450,1952,2082,Negeri,2022,SMA
Kalimantan Selatan,142,59613,0,45,4137,898,2001,2120,Negeri,2022,SMA
Kalimantan Timur,143,66986,0,59,4008,908,2076,2101,Negeri,2022,SMA
Sulawesi Utara,121,48938,0,103,3644,538,1779,1837,Negeri,2022,SMA
Sulawesi Tengah,176,72724,0,245,4973,851,2399,2409,Negeri,2022,SMA
Sulawesi Selatan,335,193752,0,706,12690,2082,6088,6634,Negeri,2022,SMA
Sulawesi Tenggara,249,88905,0,178,7028,580,3111,3460,Negeri,2022,SMA
Maluku,211,57923,0,215,5175,719,2121,2307,Negeri,2022,SMA
Bali,88,79732,0,17,4470,1656,2280,2121,Negeri,2022,SMA
Nusa Tenggara Barat,150,90179,0,317,7127,1528,2894,2832,Negeri,2022,SMA
Nusa Tenggara Timur,386,143294,0,429,11316,1295,5028,4913,Negeri,2022,SMA
Papua,144,50184,0,236,3238,354,1589,1588,Negeri,2022,SMA
Bengkulu,109,49781,0,115,3776,959,1644,1719,Negeri,2022,SMA
Maluku Utara,139,34566,0,79,2708,348,1264,1341,Negeri,2022,SMA
Banten,161,139369,0,93,6645,1639,3817,3739,Negeri,2022,SMA
Kepulauan Bangka Belitung,47,26033,0,18,1418,398,808,796,Negeri,2022,SMA
Gorontalo,61,29992,0,157,1898,357,980,1010,Negeri,2022,SMA
Kepulauan Riau,93,46609,0,59,2740,676,1383,1400,Negeri,2022,SMA
Papua Barat,82,23003,0,49,1562,135,835,866,Negeri,2022,SMA
Sulawesi Barat,77,27994,0,78,2212,610,950,1044,Negeri,2022,SMA
Kalimantan Utara,44,15292,0,14,1108,229,528,530,Negeri,2022,SMA
Luar Negeri,11,827,0,16,80,3,62,62,Negeri,2022,SMA
DKI Jakarta,375,99062,0,106,6285,1300,3573,4162,Swasta,2022,SMA
Jawa Barat,1197,284248,0,529,15572,2720,9944,10990,Swasta,2022,SMA
Jawa Tengah,493,103302,0,89,7247,1631,3892,4799,Swasta,2022,SMA
DI Yogyakarta,104,17232,0,4,1659,404,776,957,Swasta,2022,SMA
Jawa Timur,1095,194163,0,654,13635,2169,7493,8977,Swasta,2022,SMA
Aceh,141,18461,0,62,1553,299,800,890,Swasta,2022,SMA
Sumatera Utara,647,139560,0,590,7647,895,4811,5643,Swasta,2022,SMA
Sumatera Barat,101,14054,0,63,1339,205,607,786,Swasta,2022,SMA
Riau,152,23073,0,19,1917,242,920,1184,Swasta,2022,SMA
Jambi,77,9293,0,18,720,116,393,492,Swasta,2022,SMA
Sumatera Selatan,283,47065,0,148,3145,661,1746,2206,Swasta,2022,SMA
Lampung,280,41107,0,90,2977,472,1656,1920,Swasta,2022,SMA
Kalimantan Barat,186,29550,0,63,1879,225,1111,1360,Swasta,2022,SMA
Kalimantan Tengah,61,6201,0,10,604,62,327,361,Swasta,2022,SMA
Kalimantan Selatan,63,6852,0,17,703,131,311,426,Swasta,2022,SMA
Kalimantan Timur,90,13234,0,16,969,198,531,641,Swasta,2022,SMA
Sulawesi Utara,109,13798,0,51,996,98,684,847,Swasta,2022,SMA
Sulawesi Tengah,56,6543,0,25,568,91,308,359,Swasta,2022,SMA
Sulawesi Selatan,264,35623,0,218,2750,362,1496,1861,Swasta,2022,SMA
Sulawesi Tenggara,64,5297,0,33,523,56,277,333,Swasta,2022,SMA
Maluku,73,11619,0,47,1236,118,518,586,Swasta,2022,SMA
Bali,75,14293,0,4,1094,253,533,841,Swasta,2022,SMA
Nusa Tenggara Barat,193,20036,0,602,1948,192,845,974,Swasta,2022,SMA
Nusa Tenggara Timur,212,60944,0,167,4514,575,2247,2515,Swasta,2022,SMA
Papua,112,21133,0,166,1505,187,813,935,Swasta,2022,SMA
Bengkulu,37,2832,0,4,283,58,157,190,Swasta,2022,SMA
Maluku Utara,78,8539,0,24,716,59,386,390,Swasta,2022,SMA
Banten,442,78017,0,249,5306,945,2975,3582,Swasta,2022,SMA
Kepulauan Bangka Belitung,24,3963,0,5,276,76,152,222,Swasta,2022,SMA
Gorontalo,9,1270,0,11,119,23,52,62,Swasta,2022,SMA
Kepulauan Riau,70,7825,0,2,657,103,380,437,Swasta,2022,SMA
Papua Barat,49,6917,0,23,688,77,329,372,Swasta,2022,SMA
Sulawesi Barat,14,1154,0,4,91,16,56,70,Swasta,2022,SMA
Kalimantan Utara,23,2923,0,2,243,51,127,162,Swasta,2022,SMA
Luar Negeri,1,89,0,0,14,2,6,6,Swasta,2022,SMA
DKI Jakarta,117,88181,88,9,5069,1029,2492,2567,Negeri,2023,SMA
Jawa Barat,514,530509,97,109,25291,6578,15205,14112,Negeri,2023,SMA
Jawa Tengah,362,343035,24,44,18034,4198,9723,9788,Negeri,2023,SMA
DI Yogyakarta,69,43387,2,13,2575,908,1243,1329,Negeri,2023,SMA
Jawa Timur,423,351429,222,219,19559,5271,10343,10724,Negeri,2023,SMA
Aceh,394,118487,682,310,12075,2619,4224,5561,Negeri,2023,SMA
Sumatera Utara,432,248734,176,801,15834,2055,7509,7719,Negeri,2023,SMA
Sumatera Barat,236,138979,594,128,9566,1750,4326,4703,Negeri,2023,SMA
Riau,313,148011,155,164,9982,1873,4681,4979,Negeri,2023,SMA
Jambi,163,71000,184,110,5178,1191,2300,2575,Negeri,2023,SMA
Sumatera Selatan,330,171193,239,238,11851,2345,5210,5287,Negeri,2023,SMA
Lampung,239,128161,32,79,8132,1747,3943,4112,Negeri,2023,SMA
Kalimantan Barat,285,102734,225,140,6310,762,3288,3378,Negeri,2023,SMA
Kalimantan Tengah,181,56103,186,91,4308,427,1939,2108,Negeri,2023,SMA
Kalimantan Selatan,142,60883,152,66,4155,933,1973,2147,Negeri,2023,SMA
Kalimantan Timur,145,68792,122,55,4149,947,2106,2157,Negeri,2023,SMA
Sulawesi Utara,121,50115,213,60,3639,513,1689,1921,Negeri,2023,SMA
Sulawesi Tengah,176,73086,139,169,4902,803,2411,2514,Negeri,2023,SMA
Sulawesi Selatan,337,193254,267,525,13059,1939,6036,6835,Negeri,2023,SMA
Sulawesi Tenggara,251,89328,303,249,7718,804,3075,3526,Negeri,2023,SMA
Maluku,215,57822,61,237,5293,755,2061,2386,Negeri,2023,SMA
Bali,90,81893,4,18,4670,1715,2290,2198,Negeri,2023,SMA
Nusa Tenggara Barat,150,96571,146,247,7406,1670,3006,2879,Negeri,2023,SMA
Nusa Tenggara Timur,393,145341,168,364,12242,1421,4997,5171,Negeri,2023,SMA
Papua,57,22167,215,68,1413,203,686,728,Negeri,2023,SMA
Bengkulu,109,51685,115,89,3827,988,1657,1752,Negeri,2023,SMA
Maluku Utara,139,35868,62,127,3062,351,1261,1375,Negeri,2023,SMA
Banten,161,144431,65,88,6478,1565,3873,3842,Negeri,2023,SMA
Kepulauan Bangka Belitung,47,27129,6,16,1450,382,830,839,Negeri,2023,SMA
Gorontalo,62,30376,126,165,1891,339,970,1046,Negeri,2023,SMA
Kepulauan Riau,93,49014,43,23,2911,703,1418,1492,Negeri,2023,SMA
Papua Barat,43,13327,142,21,914,97,454,486,Negeri,2023,SMA
Sulawesi Barat,77,28370,125,19,2301,604,942,1083,Negeri,2023,SMA
Kalimantan Utara,46,16080,23,30,1159,246,541,570,Negeri,2023,SMA
Luar Negeri,11,959,0,0,88,3,60,64,Negeri,2023,SMA
Papua Tengah,28,10862,40,19,657,52,344,337,Negeri,2023,SMA
Papua Selatan,22,9966,498,55,689,63,324,324,Negeri,2023,SMA
Papua Pegunungan,44,9944,31,137,564,10,313,297,Negeri,2023,SMA
Papua Barat Daya,43,10660,16,27,931,70,408,448,Negeri,2023,SMA
DKI Jakarta,379,103924,33,23,6511,1285,3597,4312,Swasta,2023,SMA
Jawa Barat,1254,293262,229,383,16302,2780,10123,11546,Swasta,2023,SMA
Jawa Tengah,499,109919,120,115,7265,1618,3897,4930,Swasta,2023,SMA
DI Yogyakarta,104,17744,77,2,1601,422,756,971,Swasta,2023,SMA
Jawa Timur,1094,197252,644,712,13823,2188,7358,9196,Swasta,2023,SMA
Aceh,145,19170,20,43,1462,278,805,940,Swasta,2023,SMA
Sumatera Utara,635,141165,187,920,7554,920,4768,5769,Swasta,2023,SMA
Sumatera Barat,102,14556,54,76,1244,203,599,819,Swasta,2023,SMA
Riau,154,24284,54,26,1956,248,935,1231,Swasta,2023,SMA
Jambi,84,10429,19,18,729,105,423,535,Swasta,2023,SMA
Sumatera Selatan,283,48921,177,285,3036,660,1766,2240,Swasta,2023,SMA
Lampung,288,44657,49,92,3063,468,1708,1996,Swasta,2023,SMA
Kalimantan Barat,187,29833,70,111,1849,225,1116,1386,Swasta,2023,SMA
Kalimantan Tengah,64,6568,20,7,629,65,327,370,Swasta,2023,SMA
Kalimantan Selatan,65,7281,20,5,684,135,305,442,Swasta,2023,SMA
Kalimantan Timur,92,13541,17,7,1024,213,525,680,Swasta,2023,SMA
Sulawesi Utara,108,13452,116,54,937,92,637,844,Swasta,2023,SMA
Sulawesi Tengah,58,6780,72,46,551,85,311,387,Swasta,2023,SMA
Sulawesi Selatan,270,36763,184,222,2571,356,1488,1905,Swasta,2023,SMA
Sulawesi Tenggara,64,5209,30,54,514,57,276,337,Swasta,2023,SMA
Maluku,73,11768,42,44,1169,120,502,597,Swasta,2023,SMA
Bali,73,13792,0,26,1027,254,499,836,Swasta,2023,SMA
Nusa Tenggara Barat,215,20349,83,280,2002,184,879,1016,Swasta,2023,SMA
Nusa Tenggara Timur,218,61698,240,300,4458,558,2196,2616,Swasta,2023,SMA
Papua,56,11102,225,34,792,107,416,452,Swasta,2023,SMA
Bengkulu,42,3009,3,9,312,63,166,208,Swasta,2023,SMA
Maluku Utara,85,8941,9,157,670,56,388,417,Swasta,2023,SMA
Banten,446,80877,120,129,5697,1085,3006,3707,Swasta,2023,SMA
Kepulauan Bangka Belitung,27,4325,2,7,309,78,157,232,Swasta,2023,SMA
Gorontalo,9,1270,15,9,115,24,51,62,Swasta,2023,SMA
Kepulauan Riau,75,8261,3,3,719,106,395,488,Swasta,2023,SMA
Papua Barat,21,3554,143,5,310,44,145,181,Swasta,2023,SMA
Sulawesi Barat,15,1295,10,7,81,15,64,74,Swasta,2023,SMA
Kalimantan Utara,22,2806,38,11,230,52,120,157,Swasta,2023,SMA
Luar Negeri,1,98,0,1,14,2,5,6,Swasta,2023,SMA
Papua Tengah,28,5352,9,42,337,47,196,228,Swasta,2023,SMA
Papua Selatan,15,2918,123,22,199,38,111,132,Swasta,2023,SMA
Papua Pegunungan,18,3899,21,23,223,6,138,143,Swasta,2023,SMA
Papua Barat Daya,29,3600,34,18,361,42,176,201,Swasta,2023,SMA
DKI Jakarta,117,88259,97,2,4944,956,2497,2584,Negeri,2024,SMA
Jawa Barat,514,541246,66,60,26448,6307,15494,14244,Negeri,2024,SMA
Jawa Tengah,362,347588,21,61,18072,4097,9852,9954,Negeri,2024,SMA
DI Yogyakarta,69,44057,4,0,2504,851,1245,1337,Negeri,2024,SMA
Jawa Timur,421,358942,172,173,20964,5066,10390,10946,Negeri,2024,SMA
Aceh,395,122127,584,124,12456,2720,4151,5709,Negeri,2024,SMA
Sumatera Utara,438,252462,108,378,16130,2155,7546,7927,Negeri,2024,SMA
Sumatera Barat,238,142600,529,161,9427,1725,4314,4819,Negeri,2024,SMA
Riau,321,154469,168,90,10285,1966,4733,5140,Negeri,2024,SMA
Jambi,163,73129,118,77,5046,1205,2296,2655,Negeri,2024,SMA
Sumatera Selatan,330,173505,248,97,11827,2349,5225,5423,Negeri,2024,SMA
Lampung,240,133517,42,30,9105,1759,4048,4191,Negeri,2024,SMA
Kalimantan Barat,292,104524,195,133,6846,827,3321,3483,Negeri,2024,SMA
Kalimantan Tengah,182,57290,167,83,4411,430,1913,2233,Negeri,2024,SMA
Kalimantan Selatan,143,62605,93,20,4167,1094,1967,2230,Negeri,2024,SMA
Kalimantan Timur,146,71034,106,32,4295,957,2129,2243,Negeri,2024,SMA
Sulawesi Utara,121,49737,237,15,3559,492,1575,1989,Negeri,2024,SMA
Sulawesi Tengah,177,72634,97,137,5152,911,2368,2536,Negeri,2024,SMA
Sulawesi Selatan,337,193112,298,195,12972,1894,5936,7169,Negeri,2024,SMA
Sulawesi Tenggara,254,88188,296,137,8571,1218,2962,3594,Negeri,2024,SMA
Maluku,216,57642,33,143,5346,776,2009,2460,Negeri,2024,SMA
Bali,90,78094,1,9,4798,1704,2193,2333,Negeri,2024,SMA
Nusa Tenggara Barat,150,101205,136,230,7898,1648,3091,3255,Negeri,2024,SMA
Nusa Tenggara Timur,397,142570,164,350,12453,1445,4782,5398,Negeri,2024,SMA
Papua,62,23108,158,14,1570,229,705,764,Negeri,2024,SMA
Bengkulu,110,53559,59,48,3964,1047,1678,1827,Negeri,2024,SMA
Maluku Utara,139,36392,38,117,3309,468,1226,1482,Negeri,2024,SMA
Banten,161,147612,49,94,6442,1484,3916,3968,Negeri,2024,SMA
Kepulauan Bangka Belitung,47,28276,96,12,1489,367,840,882,Negeri,2024,SMA
Gorontalo,62,30073,87,138,1855,330,928,1092,Negeri,2024,SMA
Kepulauan Riau,96,50817,88,17,3024,762,1462,1533,Negeri,2024,SMA
Papua Barat,45,13742,127,40,1019,95,458,528,Negeri,2024,SMA
Sulawesi Barat,77,28967,105,69,2318,599,940,1128,Negeri,2024,SMA
Kalimantan Utara,49,17242,13,17,1189,257,553,588,Negeri,2024,SMA
Luar Negeri,11,1020,1,0,90,3,54,66,Negeri,2024,SMA
Papua Tengah,31,12244,32,34,693,49,378,358,Negeri,2024,SMA
Papua Selatan,24,10463,508,23,700,71,337,340,Negeri,2024,SMA
Papua Pegunungan,47,10860,5,101,612,15,352,324,Negeri,2024,SMA
Papua Barat Daya,50,11106,22,89,1061,76,425,492,Negeri,2024,SMA
DKI Jakarta,387,101884,24,11,6709,1328,3476,4423,Swasta,2024,SMA
Jawa Barat,1306,301514,166,226,16447,2962,10243,12088,Swasta,2024,SMA
Jawa Tengah,506,115960,89,165,7210,1634,3923,5134,Swasta,2024,SMA
DI Yogyakarta,106,18682,40,0,1458,416,741,991,Swasta,2024,SMA
Jawa Timur,1095,200372,751,564,12621,2142,7186,9349,Swasta,2024,SMA
Aceh,148,19563,26,69,1334,279,786,976,Swasta,2024,SMA
Sumatera Utara,637,141731,175,602,7530,949,4733,5865,Swasta,2024,SMA
Sumatera Barat,107,14673,10,47,1136,206,591,848,Swasta,2024,SMA
Riau,160,25232,49,35,1926,249,944,1281,Swasta,2024,SMA
Jambi,89,10765,25,4,717,111,429,546,Swasta,2024,SMA
Sumatera Selatan,290,51402,175,184,3089,670,1824,2323,Swasta,2024,SMA
Lampung,298,48197,19,88,2915,507,1776,2115,Swasta,2024,SMA
Kalimantan Barat,191,30123,104,78,1704,213,1103,1405,Swasta,2024,SMA
Kalimantan Tengah,66,6656,24,15,635,65,316,388,Swasta,2024,SMA
Kalimantan Selatan,67,7426,17,14,688,155,308,466,Swasta,2024,SMA
Kalimantan Timur,95,13566,17,25,1069,230,516,693,Swasta,2024,SMA
Sulawesi Utara,108,12926,98,9,814,84,574,838,Swasta,2024,SMA
Sulawesi Tengah,61,6949,64,22,526,123,305,397,Swasta,2024,SMA
Sulawesi Selatan,274,35470,123,214,2498,365,1425,1935,Swasta,2024,SMA
Sulawesi Tenggara,64,4771,31,17,464,59,263,353,Swasta,2024,SMA
Maluku,76,11137,25,43,1041,120,463,611,Swasta,2024,SMA
Bali,71,14111,0,2,953,239,490,802,Swasta,2024,SMA
Nusa Tenggara Barat,228,20460,100,155,1923,192,904,1067,Swasta,2024,SMA
Nusa Tenggara Timur,221,58230,185,198,4040,558,2040,2730,Swasta,2024,SMA
Papua,56,10946,242,19,712,131,395,448,Swasta,2024,SMA
Bengkulu,43,2936,7,4,293,58,166,218,Swasta,2024,SMA
Maluku Utara,86,9191,63,24,518,60,383,432,Swasta,2024,SMA
Banten,449,81320,81,83,5722,1223,2957,3789,Swasta,2024,SMA
Kepulauan Bangka Belitung,30,4992,5,0,342,79,175,247,Swasta,2024,SMA
Gorontalo,9,1211,11,9,101,22,50,64,Swasta,2024,SMA
Kepulauan Riau,82,8945,15,6,748,111,399,531,Swasta,2024,SMA
Papua Barat,21,3499,129,11,295,44,137,181,Swasta,2024,SMA
Sulawesi Barat,16,1387,0,21,79,21,62,84,Swasta,2024,SMA
Kalimantan Utara,22,2631,13,22,241,57,108,157,Swasta,2024,SMA
Luar Negeri,1,107,0,0,16,2,4,6,Swasta,2024,SMA
Papua Tengah,29,5380,80,117,337,48,194,231,Swasta,2024,SMA
Papua Selatan,16,3358,242,0,187,36,124,136,Swasta,2024,SMA
Papua Pegunungan,21,4033,67,57,216,8,142,155,Swasta,2024,SMA
Papua Barat Daya,31,3541,22,6,323,33,165,216,Swasta,2024,SMA
DKI Jakarta,73,59956,0,208,3086,710,1657,1698,Negeri,2021,SMK
Jawa Barat,288,342636,0,154,15715,4746,9776,9499,Negeri,2021,SMK
Jawa Tengah,237,313603,0,89,15533,3644,8402,7314,Negeri,2021,SMK
DI Yogyakarta,50,56795,0,34,3303,864,1537,1466,Negeri,2021,SMK
Jawa Timur,297,368701,0,394,18682,4723,10583,9139,Negeri,2021,SMK
Aceh,152,49422,0,251,5633,1330,2193,2526,Negeri,2021,SMK
Sumatera Utara,269,144571,0,381,9821,1100,4707,5034,Negeri,2021,SMK
Sumatera Barat,114,83668,0,214,6119,1046,2727,2510,Negeri,2021,SMK
Riau,128,70631,0,118,4983,863,2335,2565,Negeri,2021,SMK
Jambi,104,42467,0,99,3385,746,1610,1775,Negeri,2021,SMK
Sumatera Selatan,118,77946,0,142,4958,1079,2419,2115,Negeri,2021,SMK
Lampung,111,73851,0,46,4753,1069,2339,2330,Negeri,2021,SMK
Kalimantan Barat,107,62165,0,171,2831,355,1891,1742,Negeri,2021,SMK
Kalimantan Tengah,93,30495,0,99,2375,266,1172,1225,Negeri,2021,SMK
Kalimantan Selatan,63,47437,0,120,2834,674,1461,1371,Negeri,2021,SMK
Kalimantan Timur,87,57403,0,24,3218,705,1707,1834,Negeri,2021,SMK
Sulawesi Utara,91,38050,0,149,2893,371,1596,1645,Negeri,2021,SMK
Sulawesi Tengah,106,35101,0,131,2745,436,1380,1756,Negeri,2021,SMK
Sulawesi Selatan,169,98586,0,230,7056,1105,3441,3817,Negeri,2021,SMK
Sulawesi Tenggara,102,32677,0,61,2616,228,1378,1585,Negeri,2021,SMK
Maluku,82,16965,0,46,1998,273,820,951,Negeri,2021,SMK
Bali,53,55479,0,12,3246,1024,1594,1321,Negeri,2021,SMK
Nusa Tenggara Barat,99,63075,0,172,4740,1019,2190,2115,Negeri,2021,SMK
Nusa Tenggara Timur,158,63022,0,199,5128,598,2278,2512,Negeri,2021,SMK
Papua,79,23665,0,125,1864,252,954,1076,Negeri,2021,SMK
Bengkulu,64,30559,0,47,2392,485,1100,1289,Negeri,2021,SMK
Maluku Utara,63,10574,0,32,1092,146,548,727,Negeri,2021,SMK
Banten,81,90570,0,73,4103,1079,2477,2278,Negeri,2021,SMK
Kepulauan Bangka Belitung,36,21046,0,49,1298,376,658,792,Negeri,2021,SMK
Gorontalo,40,17037,0,129,1450,233,722,839,Negeri,2021,SMK
Kepulauan Riau,36,26467,0,41,1477,409,799,747,Negeri,2021,SMK
Papua Barat,33,12239,0,46,834,75,498,513,Negeri,2021,SMK
Sulawesi Barat,59,21654,0,61,1697,580,822,937,Negeri,2021,SMK
Kalimantan Utara,21,10286,0,31,702,146,331,395,Negeri,2021,SMK
Luar Negeri,1,171,0,0,4,1,9,9,Negeri,2021,SMK
DKI Jakarta,503,147523,0,251,8328,1817,5203,6907,Swasta,2021,SMK
Jawa Barat,2619,804274,0,1509,39761,7529,27959,32278,Swasta,2021,SMK
Jawa Tengah,1314,524814,0,830,29409,6166,18272,20553,Swasta,2021,SMK
DI Yogyakarta,164,40158,0,34,3383,886,1709,2060,Swasta,2021,SMK
Jawa Timur,1834,447665,0,1371,27455,4354,16933,18653,Swasta,2021,SMK
Aceh,68,7572,0,61,762,160,389,481,Swasta,2021,SMK
Sumatera Utara,705,183120,0,1236,9920,1170,6758,8471,Swasta,2021,SMK
Sumatera Barat,98,15298,0,67,1503,244,766,1003,Swasta,2021,SMK
Riau,173,39575,0,199,3100,441,1728,2082,Swasta,2021,SMK
Jambi,73,11233,0,53,918,177,520,629,Swasta,2021,SMK
Sumatera Selatan,187,51701,0,218,2994,563,1885,2173,Swasta,2021,SMK
Lampung,377,85975,0,84,5758,888,3413,3699,Swasta,2021,SMK
Kalimantan Barat,114,22181,0,87,1356,171,873,1080,Swasta,2021,SMK
Kalimantan Tengah,44,6322,0,20,581,61,289,362,Swasta,2021,SMK
Kalimantan Selatan,64,14078,0,20,1093,257,593,702,Swasta,2021,SMK
Kalimantan Timur,131,29088,0,32,1775,427,1261,1602,Swasta,2021,SMK
Sulawesi Utara,96,15174,0,39,1229,126,850,1041,Swasta,2021,SMK
Sulawesi Tengah,78,11400,0,46,963,158,564,723,Swasta,2021,SMK
Sulawesi Selatan,247,36514,0,273,2985,481,1946,2421,Swasta,2021,SMK
Sulawesi Tenggara,63,6355,0,26,662,49,341,508,Swasta,2021,SMK
Maluku,33,6248,0,13,543,57,280,345,Swasta,2021,SMK
Bali,113,41299,0,18,2458,472,1438,1680,Swasta,2021,SMK
Nusa Tenggara Barat,223,23755,0,301,2381,231,1031,1238,Swasta,2021,SMK
Nusa Tenggara Timur,154,45522,0,445,2708,277,1681,1856,Swasta,2021,SMK
Papua,60,13424,0,123,929,160,537,621,Swasta,2021,SMK
Bengkulu,41,4262,0,14,487,99,243,303,Swasta,2021,SMK
Maluku Utara,83,8858,0,72,750,65,442,610,Swasta,2021,SMK
Banten,653,167865,0,304,8790,1891,6022,7327,Swasta,2021,SMK
Kepulauan Bangka Belitung,23,5781,0,33,364,106,211,261,Swasta,2021,SMK
Gorontalo,18,2751,0,22,301,57,132,144,Swasta,2021,SMK
Kepulauan Riau,75,11234,0,33,849,125,567,929,Swasta,2021,SMK
Papua Barat,24,4724,0,6,354,36,200,208,Swasta,2021,SMK
Sulawesi Barat,72,7277,0,40,636,138,379,468,Swasta,2021,SMK
Kalimantan Utara,11,1119,0,5,131,15,52,81,Swasta,2021,SMK
DKI Jakarta,73,56768,0,49,3228,711,1667,1647,Negeri,2022,SMK
Jawa Barat,288,330779,0,90,17257,4763,10142,8531,Negeri,2022,SMK
Jawa Tengah,237,292022,0,93,16682,3466,8462,6906,Negeri,2022,SMK
DI Yogyakarta,50,50598,0,6,3226,913,1543,1323,Negeri,2022,SMK
Jawa Timur,297,343774,0,234,19829,4592,10671,8599,Negeri,2022,SMK
Aceh,153,45444,0,148,5973,1385,2197,2278,Negeri,2022,SMK
Sumatera Utara,270,137972,0,432,10321,1142,4794,4615,Negeri,2022,SMK
Sumatera Barat,114,75205,0,157,6099,1071,2732,2412,Negeri,2022,SMK
Riau,128,66389,0,112,5076,889,2369,2088,Negeri,2022,SMK
Jambi,104,39326,0,38,3437,766,1583,1533,Negeri,2022,SMK
Sumatera Selatan,120,75576,0,133,5487,1161,2496,2004,Negeri,2022,SMK
Lampung,111,67956,0,34,4755,1040,2360,2185,Negeri,2022,SMK
Kalimantan Barat,110,56239,0,148,3053,396,1946,1564,Negeri,2022,SMK
Kalimantan Tengah,94,27875,0,92,2475,256,1164,1191,Negeri,2022,SMK
Kalimantan Selatan,63,42514,0,85,2984,735,1477,1323,Negeri,2022,SMK
Kalimantan Timur,87,52654,0,25,3321,726,1723,1504,Negeri,2022,SMK
Sulawesi Utara,92,34793,0,126,2948,382,1608,1566,Negeri,2022,SMK
Sulawesi Tengah,107,33097,0,51,2893,449,1403,1419,Negeri,2022,SMK
Sulawesi Selatan,168,90493,0,305,7168,1125,3420,3543,Negeri,2022,SMK
Sulawesi Tenggara,102,30018,0,63,2949,207,1390,1407,Negeri,2022,SMK
Maluku,82,16110,0,34,2084,304,825,857,Negeri,2022,SMK
Bali,54,52391,0,9,3384,1009,1652,1280,Negeri,2022,SMK
Nusa Tenggara Barat,99,55150,0,210,5202,1041,2184,1902,Negeri,2022,SMK
Nusa Tenggara Timur,165,60410,0,317,5352,605,2405,2164,Negeri,2022,SMK
Papua,80,22538,0,122,1975,245,961,1022,Negeri,2022,SMK
Bengkulu,64,26402,0,186,2501,519,1103,1053,Negeri,2022,SMK
Maluku Utara,63,9804,0,40,1121,148,547,572,Negeri,2022,SMK
Banten,91,88794,0,292,4338,1143,2556,2146,Negeri,2022,SMK
Kepulauan Bangka Belitung,36,19335,0,49,1323,352,648,696,Negeri,2022,SMK
Gorontalo,40,15543,0,120,1491,231,724,748,Negeri,2022,SMK
Kepulauan Riau,36,26053,0,3,1651,430,840,574,Negeri,2022,SMK
Papua Barat,33,11434,0,37,879,76,507,477,Negeri,2022,SMK
Sulawesi Barat,60,19023,0,69,1838,620,812,782,Negeri,2022,SMK
Kalimantan Utara,21,9409,0,13,720,154,345,349,Negeri,2022,SMK
Luar Negeri,1,186,0,0,5,1,9,9,Negeri,2022,SMK
DKI Jakarta,499,139206,0,143,8029,1759,5097,6442,Swasta,2022,SMK
Jawa Barat,2617,745666,0,1505,38361,7624,27346,30498,Swasta,2022,SMK
Jawa Tengah,1312,498113,0,559,27974,6178,18268,19089,Swasta,2022,SMK
DI Yogyakarta,162,36287,0,14,3287,849,1710,1916,Swasta,2022,SMK
Jawa Timur,1852,426456,0,1411,27011,4470,17067,17888,Swasta,2022,SMK
Aceh,67,7495,0,21,726,163,389,435,Swasta,2022,SMK
Sumatera Utara,703,170921,0,1851,9910,1127,6663,7880,Swasta,2022,SMK
Sumatera Barat,98,14094,0,95,1437,237,730,902,Swasta,2022,SMK
Riau,175,37646,0,141,3129,431,1717,1919,Swasta,2022,SMK
Jambi,75,10738,0,30,872,170,522,594,Swasta,2022,SMK
Sumatera Selatan,190,48075,0,141,2901,543,1863,2027,Swasta,2022,SMK
Lampung,381,81763,0,93,5536,919,3422,3683,Swasta,2022,SMK
Kalimantan Barat,118,19663,0,75,1299,187,863,985,Swasta,2022,SMK
Kalimantan Tengah,45,6047,0,13,574,57,293,328,Swasta,2022,SMK
Kalimantan Selatan,63,12805,0,36,1040,247,582,673,Swasta,2022,SMK
Kalimantan Timur,129,28082,0,30,1738,438,1250,1400,Swasta,2022,SMK
Sulawesi Utara,98,13265,0,32,1100,117,816,1012,Swasta,2022,SMK
Sulawesi Tengah,75,10204,0,148,886,154,547,601,Swasta,2022,SMK
Sulawesi Selatan,248,34374,0,223,2942,445,1895,2212,Swasta,2022,SMK
Sulawesi Tenggara,64,5983,0,158,666,47,361,416,Swasta,2022,SMK
Maluku,33,5461,0,15,556,50,295,272,Swasta,2022,SMK
Bali,117,35608,0,25,2341,461,1333,1571,Swasta,2022,SMK
Nusa Tenggara Barat,238,23881,0,451,2415,183,1091,1157,Swasta,2022,SMK
Nusa Tenggara Timur,157,43626,0,369,2930,275,1730,1675,Swasta,2022,SMK
Papua,61,12771,0,172,957,144,565,592,Swasta,2022,SMK
Bengkulu,40,3806,0,12,454,90,232,274,Swasta,2022,SMK
Maluku Utara,87,8967,0,67,752,57,463,462,Swasta,2022,SMK
Banten,648,160573,0,288,8753,2057,5979,6914,Swasta,2022,SMK
Kepulauan Bangka Belitung,23,5599,0,2,363,108,215,267,Swasta,2022,SMK
Gorontalo,18,2490,0,29,259,63,132,148,Swasta,2022,SMK
Kepulauan Riau,74,10039,0,5,796,122,556,760,Swasta,2022,SMK
Papua Barat,24,4682,0,38,397,44,206,189,Swasta,2022,SMK
Sulawesi Barat,71,7000,0,287,629,138,380,420,Swasta,2022,SMK
Kalimantan Utara,11,1040,0,3,118,18,48,67,Swasta,2022,SMK
DKI Jakarta,73,57652,22,7,3427,702,1677,1665,Negeri,2023,SMK
Jawa Barat,288,343384,122,70,17479,4930,10463,8808,Negeri,2023,SMK
Jawa Tengah,239,300562,71,38,16802,3358,8636,7003,Negeri,2023,SMK
DI Yogyakarta,50,51489,35,2,3111,891,1557,1329,Negeri,2023,SMK
Jawa Timur,297,346931,381,264,19863,5011,10761,8845,Negeri,2023,SMK
Aceh,153,46341,452,276,6301,1389,2215,2315,Negeri,2023,SMK
Sumatera Utara,274,138169,172,544,10564,1208,4832,4808,Negeri,2023,SMK
Sumatera Barat,115,75274,421,268,5903,1062,2788,2486,Negeri,2023,SMK
Riau,138,68528,84,76,5228,921,2523,2220,Negeri,2023,SMK
Jambi,107,38401,224,182,3467,796,1578,1568,Negeri,2023,SMK
Sumatera Selatan,121,78601,142,226,5734,1224,2619,2162,Negeri,2023,SMK
Lampung,111,68999,59,23,4737,1117,2399,2235,Negeri,2023,SMK
Kalimantan Barat,117,56973,276,162,3361,433,2006,1650,Negeri,2023,SMK
Kalimantan Tengah,94,27041,59,97,2467,248,1144,1248,Negeri,2023,SMK
Kalimantan Selatan,64,42920,83,93,2962,797,1501,1356,Negeri,2023,SMK
Kalimantan Timur,88,54574,208,55,3393,766,1774,1541,Negeri,2023,SMK
Sulawesi Utara,92,33142,630,81,2990,364,1629,1629,Negeri,2023,SMK
Sulawesi Tengah,107,32054,162,144,2857,416,1412,1450,Negeri,2023,SMK
Sulawesi Selatan,168,87122,417,442,7495,1061,3390,3663,Negeri,2023,SMK
Sulawesi Tenggara,102,29223,281,90,3280,303,1406,1497,Negeri,2023,SMK
Maluku,84,15750,30,76,2133,306,846,915,Negeri,2023,SMK
Bali,57,54131,9,24,3499,1006,1728,1305,Negeri,2023,SMK
Nusa Tenggara Barat,99,54577,278,157,5207,1211,2192,1999,Negeri,2023,SMK
Nusa Tenggara Timur,174,60670,169,294,6015,656,2524,2321,Negeri,2023,SMK
Papua,35,9433,255,57,934,153,446,459,Negeri,2023,SMK
Bengkulu,65,25124,28,131,2548,527,1091,1078,Negeri,2023,SMK
Maluku Utara,63,9677,104,58,1284,155,552,589,Negeri,2023,SMK
Banten,91,91430,104,99,4354,1174,2649,2219,Negeri,2023,SMK
Kepulauan Bangka Belitung,36,19397,37,24,1318,347,655,706,Negeri,2023,SMK
Gorontalo,40,14455,98,69,1452,227,715,770,Negeri,2023,SMK
Kepulauan Riau,36,28493,106,5,1752,447,915,654,Negeri,2023,SMK
Papua Barat,16,5287,69,13,505,39,252,234,Negeri,2023,SMK
Sulawesi Barat,60,18604,67,145,1896,579,837,956,Negeri,2023,SMK
Kalimantan Utara,22,9519,40,19,757,161,357,377,Negeri,2023,SMK
Luar Negeri,1,197,0,0,6,1,9,9,Negeri,2023,SMK
Papua Tengah,16,5253,23,11,470,30,224,249,Negeri,2023,SMK
Papua Selatan,21,6300,237,25,565,38,269,266,Negeri,2023,SMK
Papua Pegunungan,10,1726,2,50,112,1,58,67,Negeri,2023,SMK
Papua Barat Daya,16,5570,102,33,514,44,270,275,Negeri,2023,SMK
DKI Jakarta,488,138996,156,156,7787,1681,5080,6540,Swasta,2023,SMK
Jawa Barat,2625,725091,1278,1193,38433,7584,27024,30965,Swasta,2023,SMK
Jawa Tengah,1302,503857,956,827,27805,6201,18404,19379,Swasta,2023,SMK
DI Yogyakarta,156,37353,179,15,3130,825,1725,1898,Swasta,2023,SMK
Jawa Timur,1850,427637,1630,1513,27873,4443,17263,18338,Swasta,2023,SMK
Aceh,69,7759,56,25,745,161,397,464,Swasta,2023,SMK
Sumatera Utara,685,166396,436,1746,9526,1125,6555,7900,Swasta,2023,SMK
Sumatera Barat,97,13008,232,47,1360,232,714,903,Swasta,2023,SMK
Riau,168,36797,141,66,2946,414,1685,1971,Swasta,2023,SMK
Jambi,74,10828,77,35,856,150,519,602,Swasta,2023,SMK
Sumatera Selatan,193,47324,150,94,2815,552,1847,2117,Swasta,2023,SMK
Lampung,386,81737,92,125,5342,959,3414,3783,Swasta,2023,SMK
Kalimantan Barat,116,18768,106,160,1171,183,834,1005,Swasta,2023,SMK
Kalimantan Tengah,45,6125,17,10,583,53,292,337,Swasta,2023,SMK
Kalimantan Selatan,64,12518,33,16,1044,251,573,686,Swasta,2023,SMK
Kalimantan Timur,129,28536,290,62,1738,477,1268,1403,Swasta,2023,SMK
Sulawesi Utara,100,12624,186,169,1006,113,798,1027,Swasta,2023,SMK
Sulawesi Tengah,75,9889,138,34,812,143,535,604,Swasta,2023,SMK
Sulawesi Selatan,238,33178,445,407,2503,430,1826,2190,Swasta,2023,SMK
Sulawesi Tenggara,66,5513,13,202,632,51,375,417,Swasta,2023,SMK
Maluku,36,6062,24,8,543,45,315,295,Swasta,2023,SMK
Bali,113,34998,9,26,2067,446,1311,1560,Swasta,2023,SMK
Nusa Tenggara Barat,230,23135,213,370,2325,177,1089,1184,Swasta,2023,SMK
Nusa Tenggara Timur,169,43204,71,1199,3088,285,1841,1837,Swasta,2023,SMK
Papua,14,3930,105,26,290,50,177,160,Swasta,2023,SMK
Bengkulu,38,3418,31,84,411,82,206,268,Swasta,2023,SMK
Maluku Utara,87,9474,99,128,646,62,477,476,Swasta,2023,SMK
Banten,633,159985,258,421,9019,2240,5956,6966,Swasta,2023,SMK
Kepulauan Bangka Belitung,23,5239,6,25,358,105,214,282,Swasta,2023,SMK
Gorontalo,19,2352,4,20,254,51,138,168,Swasta,2023,SMK
Kepulauan Riau,68,9491,23,26,747,120,545,713,Swasta,2023,SMK
Papua Barat,5,1449,60,35,116,14,60,50,Swasta,2023,SMK
Sulawesi Barat,70,6469,60,101,623,147,369,413,Swasta,2023,SMK
Kalimantan Utara,12,938,0,1,142,21,51,71,Swasta,2023,SMK
Papua Tengah,35,5928,49,79,477,63,285,294,Swasta,2023,SMK
Papua Selatan,4,707,6,1,58,10,40,49,Swasta,2023,SMK
Papua Pegunungan,9,2699,110,20,120,11,87,93,Swasta,2023,SMK
Papua Barat Daya,22,3415,58,16,281,33,161,154,Swasta,2023,SMK
DKI Jakarta,73,58159,12,0,3420,677,1680,1655,Negeri,2024,SMK
Jawa Barat,288,349760,91,28,18090,4767,10620,8766,Negeri,2024,SMK
Jawa Tengah,239,303453,70,95,16791,3324,8737,7029,Negeri,2024,SMK
DI Yogyakarta,50,52370,28,0,3149,892,1559,1384,Negeri,2024,SMK
Jawa Timur,299,352073,403,261,21025,4945,10870,8925,Negeri,2024,SMK
Aceh,154,47064,458,128,6426,1403,2256,2362,Negeri,2024,SMK
Sumatera Utara,279,137491,111,367,10937,1296,4849,5013,Negeri,2024,SMK
Sumatera Barat,116,73840,451,86,5781,1030,2807,2536,Negeri,2024,SMK
Riau,139,71023,84,49,5468,931,2665,2411,Negeri,2024,SMK
Jambi,108,37809,270,34,3426,811,1584,1604,Negeri,2024,SMK
Sumatera Selatan,121,80225,309,173,5812,1262,2696,2232,Negeri,2024,SMK
Lampung,112,71535,31,4,5381,1188,2479,2284,Negeri,2024,SMK
Kalimantan Barat,120,57640,281,156,3721,483,2071,1708,Negeri,2024,SMK
Kalimantan Tengah,94,26818,90,32,2517,256,1152,1252,Negeri,2024,SMK
Kalimantan Selatan,64,44019,52,21,3026,849,1545,1352,Negeri,2024,SMK
Kalimantan Timur,88,55536,240,28,3524,785,1798,1647,Negeri,2024,SMK
Sulawesi Utara,94,31186,694,20,2978,374,1643,1719,Negeri,2024,SMK
Sulawesi Tengah,107,31647,174,65,3164,497,1438,1534,Negeri,2024,SMK
Sulawesi Selatan,168,86042,361,207,7657,1068,3401,3959,Negeri,2024,SMK
Sulawesi Tenggara,103,27916,144,75,3802,466,1452,1540,Negeri,2024,SMK
Maluku,84,15089,43,34,2171,324,862,938,Negeri,2024,SMK
Bali,58,55988,5,11,3583,984,1859,1334,Negeri,2024,SMK
Nusa Tenggara Barat,100,56212,390,119,5701,1220,2278,2061,Negeri,2024,SMK
Nusa Tenggara Timur,178,57309,160,248,6192,679,2556,2475,Negeri,2024,SMK
Papua,35,9364,234,44,959,153,448,486,Negeri,2024,SMK
Bengkulu,65,24368,16,76,2591,567,1085,1105,Negeri,2024,SMK
Maluku Utara,63,9251,81,51,1389,188,556,590,Negeri,2024,SMK
Banten,98,94428,42,44,4509,1181,2746,2386,Negeri,2024,SMK
Kepulauan Bangka Belitung,36,19604,23,19,1317,342,661,747,Negeri,2024,SMK
Gorontalo,40,13092,93,137,1427,220,691,791,Negeri,2024,SMK
Kepulauan Riau,38,30822,10,0,1773,481,977,732,Negeri,2024,SMK
Papua Barat,16,5193,162,24,536,43,254,236,Negeri,2024,SMK
Sulawesi Barat,60,17736,130,79,1952,565,837,1016,Negeri,2024,SMK
Kalimantan Utara,22,9644,6,14,751,165,367,377,Negeri,2024,SMK
Luar Negeri,1,237,0,0,7,1,9,9,Negeri,2024,SMK
Papua Tengah,17,5457,59,72,495,36,228,260,Negeri,2024,SMK
Papua Selatan,21,6343,310,14,612,50,269,283,Negeri,2024,SMK
Papua Pegunungan,12,2235,0,25,141,2,74,81,Negeri,2024,SMK
Papua Barat Daya,16,5441,101,3,541,51,270,286,Negeri,2024,SMK
DKI Jakarta,483,138100,164,87,7663,1666,5049,6590,Swasta,2024,SMK
Jawa Barat,2634,708862,1221,757,36458,7970,26668,31453,Swasta,2024,SMK
Jawa Tengah,1308,519577,833,621,27450,6335,18839,19819,Swasta,2024,SMK
DI Yogyakarta,157,38090,202,9,2814,776,1727,1940,Swasta,2024,SMK
Jawa Timur,1861,433914,1612,1002,25588,4311,17504,18702,Swasta,2024,SMK
Aceh,70,7659,42,28,664,165,401,480,Swasta,2024,SMK
Sumatera Utara,674,156825,508,1632,9134,1137,6302,7847,Swasta,2024,SMK
Sumatera Barat,100,11779,285,132,1169,222,685,923,Swasta,2024,SMK
Riau,171,35646,203,99,2787,437,1673,2045,Swasta,2024,SMK
Jambi,75,10550,62,31,832,154,521,611,Swasta,2024,SMK
Sumatera Selatan,194,47328,192,218,2751,581,1852,2115,Swasta,2024,SMK
Lampung,380,82617,70,47,4815,987,3371,3807,Swasta,2024,SMK
Kalimantan Barat,115,17824,103,96,1029,194,813,1002,Swasta,2024,SMK
Kalimantan Tengah,45,6010,25,2,549,57,291,330,Swasta,2024,SMK
Kalimantan Selatan,62,13063,36,14,1007,245,582,719,Swasta,2024,SMK
Kalimantan Timur,128,29082,205,27,1698,482,1281,1427,Swasta,2024,SMK
Sulawesi Utara,98,11149,115,83,861,107,751,978,Swasta,2024,SMK
Sulawesi Tengah,76,9210,99,52,656,209,520,624,Swasta,2024,SMK
Sulawesi Selatan,238,29983,276,338,2201,392,1740,2157,Swasta,2024,SMK
Sulawesi Tenggara,67,4824,27,58,573,77,376,429,Swasta,2024,SMK
Maluku,37,5678,14,15,480,54,307,348,Swasta,2024,SMK
Bali,111,38645,7,5,1915,447,1401,1559,Swasta,2024,SMK
Nusa Tenggara Barat,241,22192,113,291,2224,178,1113,1223,Swasta,2024,SMK
Nusa Tenggara Timur,177,39908,63,429,2974,317,1847,1902,Swasta,2024,SMK
Papua,14,3976,78,13,285,49,177,163,Swasta,2024,SMK
Bengkulu,38,3207,48,4,348,75,196,236,Swasta,2024,SMK
Maluku Utara,88,9153,52,54,551,78,483,505,Swasta,2024,SMK
Banten,639,161479,274,193,8904,2408,5982,7019,Swasta,2024,SMK
Kepulauan Bangka Belitung,23,5175,4,9,342,103,217,310,Swasta,2024,SMK
Gorontalo,19,2097,28,10,252,53,130,179,Swasta,2024,SMK
Kepulauan Riau,68,9067,21,20,713,127,507,664,Swasta,2024,SMK
Papua Barat,5,1426,21,1,100,9,62,58,Swasta,2024,SMK
Sulawesi Barat,68,5810,18,61,492,139,334,396,Swasta,2024,SMK
Kalimantan Utara,12,917,2,3,124,20,53,70,Swasta,2024,SMK
Papua Tengah,37,5765,83,44,466,57,287,308,Swasta,2024,SMK
Papua Selatan,4,639,4,46,58,7,38,62,Swasta,2024,SMK
Papua Pegunungan,10,2526,78,8,116,9,84,95,Swasta,2024,SMK
Papua Barat Daya,23,3490,54,9,240,36,169,166,Swasta,2024,SMK
